ID,Label
D6 - 1,Human
D6 - 2,AI
D6 - 3,Human
D6 - 4,AI
D6 - 5,Human
D6 - 6,AI
D6 - 7,Human
D6 - 8,AI
D6 - 9,Human
D6 - 10,AI
D6 - 11,Human
D6 - 12,AI
D6 - 13,Human
D6 - 14,AI
D6 - 15,Human
D6 - 16,AI
D6 - 17,Human
D6 - 18,AI
D6 - 19,Human
D6 - 20,AI
D6 - 21,Human
D6 - 22,AI
D6 - 23,Human
D6 - 24,AI
D6 - 25,Human
D6 - 26,AI
D6 - 27,Human
D6 - 28,Human
D6 - 29,AI
D6 - 30,Human
D6 - 31,AI
D6 - 32,Human
D6 - 33,AI
D6 - 34,Human
D6 - 35,AI
D6 - 36,Human
D6 - 37,AI
D6 - 38,Human
D6 - 39,AI
D6 - 40,Human
D6 - 41,AI
D6 - 42,Human
D6 - 43,AI
D6 - 44,Human
D6 - 45,AI
D6 - 46,Human
D6 - 47,AI
D6 - 48,Human
D6 - 49,Human
D6 - 50,AI
D6 - 51,Human
D6 - 52,AI
D6 - 53,Human
D6 - 54,Human
D6 - 55,AI
D6 - 56,Human
D6 - 57,AI
D6 - 58,Human
D6 - 59,AI
D6 - 60,Human
D6 - 61,AI
D6 - 62,Human
D6 - 63,AI
D6 - 64,Human
D6 - 65,AI
D6 - 66,Human
D6 - 67,Human
D6 - 68,AI
D6 - 69,Human
D6 - 70,AI
D6 - 71,Human
D6 - 72,Human
D6 - 73,AI
D6 - 74,Human
D6 - 75,AI
D6 - 76,Human
D6 - 77,AI
D6 - 78,Human
D6 - 79,AI
D6 - 80,Human
D6 - 81,AI
D6 - 82,Human
D6 - 83,AI
D6 - 84,Human
D6 - 85,AI
D6 - 86,Human
D6 - 87,AI
D6 - 88,Human
D6 - 89,AI
D6 - 90,Human
D6 - 91,AI
D6 - 92,Human
D6 - 93,AI
D6 - 94,Human
D6 - 95,AI
D6 - 96,Human
D6 - 97,AI
D6 - 98,Human
D6 - 99,AI
D6 - 100,Human
D6 - 101,AI
D6 - 102,Human
D6 - 103,AI
D6 - 104,Human
D6 - 105,AI
D6 - 106,Human
D6 - 107,AI
D6 - 108,Human
D6 - 109,AI
D6 - 110,Human
D6 - 111,AI
D6 - 112,Human
D6 - 113,AI
D6 - 114,Human
D6 - 115,AI
D6 - 116,Human
D6 - 117,AI
D6 - 118,Human
D6 - 119,AI
D6 - 120,Human
D6 - 121,AI
D6 - 122,Human
D6 - 123,AI
D6 - 124,Human
D6 - 125,AI
D6 - 126,Human
D6 - 127,AI
D6 - 128,Human
D6 - 129,AI
D6 - 130,Human
D6 - 131,AI
D6 - 132,Human
D6 - 133,AI
D6 - 134,Human
D6 - 135,AI
D6 - 136,Human
D6 - 137,AI
D6 - 138,Human
D6 - 139,AI
D6 - 140,Human
D6 - 141,AI
D6 - 142,Human
D6 - 143,AI
D6 - 144,Human
D6 - 145,AI
D6 - 146,Human
D6 - 147,AI
D6 - 148,Human
D6 - 149,AI
D6 - 150,Human
D6 - 151,AI
D6 - 152,Human
D6 - 153,AI
D6 - 154,Human
D6 - 155,AI
D6 - 156,Human
D6 - 157,AI
D6 - 158,Human
D6 - 159,AI
D6 - 160,Human
D6 - 161,AI
D6 - 162,Human
D6 - 163,AI
D6 - 164,Human
D6 - 165,Human
D6 - 166,Human
D6 - 167,AI
D6 - 168,Human
D6 - 169,AI
D6 - 170,Human
D6 - 171,AI
D6 - 172,Human
D6 - 173,AI
D6 - 174,Human
D6 - 175,AI
D6 - 176,Human
D6 - 177,AI
D6 - 178,Human
D6 - 179,Human
D6 - 180,Human
D6 - 181,AI
D6 - 182,Human
D6 - 183,AI
D6 - 184,Human
D6 - 185,AI
D6 - 186,Human
D6 - 187,Human
D6 - 188,AI
D6 - 189,Human
D6 - 190,AI
D6 - 191,Human
D6 - 192,AI
D6 - 193,Human
D6 - 194,AI
D6 - 195,Human
D6 - 196,AI
D6 - 197,Human
D6 - 198,AI
D6 - 199,Human
D6 - 200,Human
D6 - 201,AI
D6 - 202,Human
D6 - 203,AI
D6 - 204,Human
D6 - 205,AI
D6 - 206,Human
D6 - 207,AI
D6 - 208,Human
D6 - 209,AI
D6 - 210,Human
D6 - 211,AI
D6 - 212,Human
D6 - 213,AI
D6 - 214,Human
D6 - 215,Human
D6 - 216,AI
D6 - 217,Human
D6 - 218,AI
D6 - 219,Human
D6 - 220,AI
D6 - 221,Human
D6 - 222,AI
D6 - 223,Human
D6 - 224,AI
D6 - 225,Human
D6 - 226,AI
D6 - 227,Human
D6 - 228,AI
D6 - 229,Human
D6 - 230,AI
D6 - 231,Human
D6 - 232,AI
D6 - 233,Human
D6 - 234,Human
D6 - 235,AI
D6 - 236,Human
D6 - 237,AI
D6 - 238,Human
D6 - 239,AI
D6 - 240,Human
D6 - 241,AI
D6 - 242,Human
D6 - 243,AI
D6 - 244,Human
D6 - 245,AI
D6 - 246,Human
D6 - 247,AI
D6 - 248,Human
D6 - 249,AI
D6 - 250,Human
D6 - 251,AI
D6 - 252,Human
D6 - 253,AI
D6 - 254,Human
D6 - 255,AI
D6 - 256,Human
D6 - 257,AI
D6 - 258,Human
D6 - 259,AI
D6 - 260,Human
D6 - 261,AI
D6 - 262,Human
D6 - 263,AI
D6 - 264,Human
D6 - 265,AI
D6 - 266,Human
D6 - 267,AI
D6 - 268,Human
D6 - 269,AI
D6 - 270,Human
D6 - 271,AI
D6 - 272,Human
D6 - 273,Human
D6 - 274,AI
D6 - 275,Human
D6 - 276,AI
D6 - 277,Human
D6 - 278,AI
D6 - 279,Human
D6 - 280,AI
D6 - 281,Human
D6 - 282,AI
D6 - 283,Human
D6 - 284,AI
D6 - 285,Human
D6 - 286,AI
D6 - 287,Human
D6 - 288,AI
D6 - 289,Human
D6 - 290,AI
D6 - 291,Human
D6 - 292,Human
D6 - 293,AI
D6 - 294,Human
D6 - 295,AI
D6 - 296,Human
D6 - 297,AI
D6 - 298,Human
D6 - 299,AI
D6 - 300,Human
D6 - 301,AI
D6 - 302,Human
D6 - 303,Human
D6 - 304,AI
D6 - 305,Human
D6 - 306,AI
D6 - 307,Human
D6 - 308,AI
D6 - 309,Human
D6 - 310,AI
D6 - 311,Human
D6 - 312,Human
D6 - 313,AI
D6 - 314,Human
D6 - 315,AI
D6 - 316,Human
D6 - 317,AI
D6 - 318,Human
D6 - 319,AI
D6 - 320,Human
D6 - 321,Human
D6 - 322,AI
D6 - 323,Human
D6 - 324,Human
D6 - 325,AI
D6 - 326,Human
D6 - 327,AI
D6 - 328,Human
D6 - 329,AI
D6 - 330,Human
D6 - 331,AI
D6 - 332,Human
D6 - 333,AI
D6 - 334,Human
D6 - 335,AI
D6 - 336,Human
D6 - 337,AI
D6 - 338,Human
D6 - 339,AI
D6 - 340,Human
D6 - 341,AI
D6 - 342,Human
D6 - 343,Human
D6 - 344,Human
D6 - 345,AI
D6 - 346,Human
D6 - 347,AI
D6 - 348,Human
D6 - 349,Human
D6 - 350,AI
D6 - 351,Human
D6 - 352,AI
D6 - 353,Human
D6 - 354,AI
D6 - 355,Human
D6 - 356,Human
D6 - 357,AI
D6 - 358,Human
D6 - 359,AI
D6 - 360,Human
D6 - 361,Human
D6 - 362,AI
D6 - 363,Human
D6 - 364,AI
D6 - 365,Human
D6 - 366,AI
D6 - 367,Human
D6 - 368,AI
D6 - 369,Human
D6 - 370,AI
D6 - 371,Human
D6 - 372,AI
D6 - 373,Human
D6 - 374,AI
D6 - 375,Human
D6 - 376,AI
D6 - 377,Human
D6 - 378,Human
D6 - 379,AI
D6 - 380,Human
D6 - 381,AI
D6 - 382,Human
D6 - 383,AI
D6 - 384,Human
D6 - 385,AI
D6 - 386,Human
D6 - 387,Human
D6 - 388,AI
D6 - 389,Human
D6 - 390,AI
D6 - 391,Human
D6 - 392,AI
D6 - 393,Human
D6 - 394,AI
D6 - 395,Human
D6 - 396,AI
D6 - 397,Human
D6 - 398,AI
D6 - 399,Human
D6 - 400,AI
D6 - 401,Human
D6 - 402,Human
D6 - 403,AI
D6 - 404,Human
D6 - 405,AI
D6 - 406,Human
D6 - 407,AI
D6 - 408,Human
D6 - 409,Human
D6 - 410,AI
D6 - 411,Human
D6 - 412,AI
D6 - 413,Human
D6 - 414,AI
D6 - 415,Human
D6 - 416,AI
D6 - 417,Human
D6 - 418,Human
D6 - 419,AI
D6 - 420,Human
D6 - 421,AI
D6 - 422,Human
D6 - 423,AI
D6 - 424,Human
D6 - 425,AI
D6 - 426,Human
D6 - 427,AI
D6 - 428,Human
D6 - 429,AI
D6 - 430,Human
D6 - 431,AI
D6 - 432,Human
D6 - 433,AI
D6 - 434,Human
D6 - 435,AI
D6 - 436,Human
D6 - 437,AI
D6 - 438,Human
D6 - 439,AI
D6 - 440,Human
D6 - 441,AI
D6 - 442,Human
D6 - 443,AI
D6 - 444,Human
D6 - 445,AI
D6 - 446,Human
D6 - 447,AI
D6 - 448,Human
D6 - 449,AI
D6 - 450,Human
D6 - 451,AI
D6 - 452,Human
D6 - 453,AI
D6 - 454,Human
D6 - 455,AI
D6 - 456,Human
D6 - 457,AI
D6 - 458,Human
D6 - 459,AI
D6 - 460,Human
D6 - 461,AI
D6 - 462,Human
D6 - 463,AI
D6 - 464,Human
D6 - 465,AI
D6 - 466,Human
D6 - 467,AI
D6 - 468,Human
D6 - 469,AI
D6 - 470,Human
D6 - 471,AI
D6 - 472,Human
D6 - 473,AI
D6 - 474,Human
D6 - 475,AI
D6 - 476,Human
D6 - 477,AI
D6 - 478,Human
D6 - 479,AI
D6 - 480,Human
D6 - 481,AI
D6 - 482,Human
D6 - 483,AI
D6 - 484,Human
D6 - 485,AI
D6 - 486,Human
D6 - 487,AI
D6 - 488,Human
D6 - 489,AI
D6 - 490,Human
D6 - 491,AI
D6 - 492,Human
D6 - 493,AI
D6 - 494,Human
D6 - 495,AI
D6 - 496,Human
D6 - 497,AI
D6 - 498,Human
D6 - 499,AI
D6 - 500,Human
D6 - 501,AI
D6 - 502,Human
D6 - 503,Human
D6 - 504,AI
D6 - 505,Human
D6 - 506,Human
D6 - 507,AI
D6 - 508,Human
D6 - 509,AI
D6 - 510,Human
D6 - 511,AI
D6 - 512,Human
D6 - 513,AI
D6 - 514,Human
D6 - 515,AI
D6 - 516,Human
D6 - 517,AI
D6 - 518,Human
D6 - 519,AI
D6 - 520,Human
D6 - 521,AI
D6 - 522,Human
D6 - 523,AI
D6 - 524,Human
D6 - 525,AI
D6 - 526,Human
D6 - 527,AI
D6 - 528,Human
D6 - 529,AI
D6 - 530,Human
D6 - 531,AI
D6 - 532,Human
D6 - 533,AI
D6 - 534,Human
D6 - 535,AI
D6 - 536,Human
D6 - 537,AI
D6 - 538,Human
D6 - 539,AI
D6 - 540,Human
D6 - 541,Human
D6 - 542,Human
D6 - 543,AI
D6 - 544,Human
D6 - 545,AI
D6 - 546,Human
D6 - 547,AI
D6 - 548,Human
D6 - 549,AI
D6 - 550,Human
D6 - 551,AI
D6 - 552,Human
D6 - 553,AI
D6 - 554,Human
D6 - 555,AI
D6 - 556,Human
D6 - 557,AI
D6 - 558,Human
D6 - 559,AI
D6 - 560,Human
D6 - 561,Human
D6 - 562,AI
D6 - 563,Human
D6 - 564,AI
D6 - 565,Human
D6 - 566,AI
D6 - 567,Human
D6 - 568,AI
D6 - 569,Human
D6 - 570,AI
D6 - 571,Human
D6 - 572,AI
D6 - 573,Human
D6 - 574,AI
D6 - 575,Human
D6 - 576,AI
D6 - 577,Human
D6 - 578,AI
D6 - 579,Human
D6 - 580,AI
D6 - 581,Human
D6 - 582,AI
D6 - 583,Human
D6 - 584,AI
D6 - 585,Human
D6 - 586,AI
D6 - 587,Human
D6 - 588,AI
D6 - 589,Human
D6 - 590,AI
D6 - 591,Human
D6 - 592,AI
D6 - 593,Human
D6 - 594,AI
D6 - 595,Human
D6 - 596,AI
D6 - 597,Human
D6 - 598,AI
D6 - 599,Human
D6 - 600,AI
D6 - 601,Human
D6 - 602,AI
D6 - 603,Human
D6 - 604,AI
D6 - 605,Human
D6 - 606,AI
D6 - 607,Human
D6 - 608,AI
D6 - 609,Human
D6 - 610,AI
D6 - 611,Human
D6 - 612,AI
D6 - 613,Human
D6 - 614,AI
D6 - 615,Human
D6 - 616,AI
D6 - 617,Human
D6 - 618,AI
D6 - 619,Human
D6 - 620,AI
D6 - 621,Human
D6 - 622,AI
D6 - 623,Human
D6 - 624,AI
D6 - 625,Human
D6 - 626,AI
D6 - 627,Human
D6 - 628,AI
D6 - 629,Human
D6 - 630,AI
D6 - 631,Human
D6 - 632,AI
D6 - 633,Human
D6 - 634,AI
D6 - 635,Human
D6 - 636,AI
D6 - 637,Human
D6 - 638,AI
D6 - 639,Human
D6 - 640,AI
D6 - 641,Human
D6 - 642,AI
D6 - 643,Human
D6 - 644,Human
D6 - 645,AI
D6 - 646,Human
D6 - 647,AI
D6 - 648,Human
D6 - 649,AI
D6 - 650,Human
D6 - 651,AI
D6 - 652,Human
D6 - 653,AI
D6 - 654,Human
D6 - 655,AI
D6 - 656,Human
D6 - 657,AI
D6 - 658,Human
D6 - 659,AI
D6 - 660,Human
D6 - 661,AI
D6 - 662,Human
D6 - 663,AI
D6 - 664,Human
D6 - 665,AI
D6 - 666,Human
D6 - 667,AI
D6 - 668,Human
D6 - 669,AI
D6 - 670,Human
D6 - 671,AI
D6 - 672,Human
D6 - 673,AI
D6 - 674,Human
D6 - 675,AI
D6 - 676,Human
D6 - 677,AI
D6 - 678,Human
D6 - 679,AI
D6 - 680,Human
D6 - 681,AI
D6 - 682,Human
D6 - 683,AI
D6 - 684,Human
D6 - 685,AI
D6 - 686,Human
D6 - 687,AI
D6 - 688,Human
D6 - 689,AI
D6 - 690,Human
D6 - 691,AI
D6 - 692,Human
D6 - 693,AI
D6 - 694,Human
D6 - 695,AI
D6 - 696,Human
D6 - 697,AI
D6 - 698,Human
D6 - 699,AI
D6 - 700,Human
D6 - 701,AI
D6 - 702,Human
D6 - 703,AI
D6 - 704,Human
D6 - 705,AI
D6 - 706,Human
D6 - 707,AI
D6 - 708,Human
D6 - 709,AI
D6 - 710,Human
D6 - 711,AI
D6 - 712,Human
D6 - 713,AI
D6 - 714,Human
D6 - 715,AI
D6 - 716,Human
D6 - 717,AI
D6 - 718,Human
D6 - 719,AI
D6 - 720,Human
D6 - 721,AI
D6 - 722,Human
D6 - 723,AI
D6 - 724,Human
D6 - 725,AI
D6 - 726,Human
D6 - 727,AI
D6 - 728,Human
D6 - 729,Human
D6 - 730,AI
D6 - 731,Human
D6 - 732,AI
D6 - 733,Human
D6 - 734,Human
D6 - 735,AI
D6 - 736,Human
D6 - 737,AI
D6 - 738,Human
D6 - 739,Human
D6 - 740,Human
D6 - 741,AI
D6 - 742,Human
D6 - 743,AI
D6 - 744,Human
D6 - 745,AI
D6 - 746,Human
D6 - 747,AI
D6 - 748,Human
D6 - 749,AI
D6 - 750,Human
D6 - 751,AI
D6 - 752,Human
D6 - 753,AI
D6 - 754,Human
D6 - 755,AI
D6 - 756,Human
D6 - 757,AI
D6 - 758,Human
D6 - 759,AI
D6 - 760,Human
D6 - 761,AI
D6 - 762,Human
D6 - 763,AI
D6 - 764,Human
D6 - 765,AI
D6 - 766,Human
D6 - 767,AI
D6 - 768,Human
D6 - 769,AI
D6 - 770,Human
D6 - 771,AI
D6 - 772,Human
D6 - 773,AI
D6 - 774,Human
D6 - 775,AI
D6 - 776,Human
D6 - 777,AI
D6 - 778,Human
D6 - 779,AI
D6 - 780,Human
D6 - 781,AI
D6 - 782,Human
D6 - 783,AI
D6 - 784,Human
D6 - 785,AI
D6 - 786,Human
D6 - 787,AI
D6 - 788,Human
D6 - 789,AI
D6 - 790,Human
D6 - 791,AI
D6 - 792,Human
D6 - 793,AI
D6 - 794,Human
D6 - 795,AI
D6 - 796,Human
D6 - 797,AI
D6 - 798,Human
D6 - 799,AI
D6 - 800,Human
D6 - 801,AI
D6 - 802,Human
D6 - 803,AI
D6 - 804,Human
D6 - 805,AI
D6 - 806,Human
D6 - 807,AI
D6 - 808,Human
D6 - 809,AI
D6 - 810,Human
D6 - 811,AI
D6 - 812,Human
D6 - 813,AI
D6 - 814,Human
D6 - 815,AI
D6 - 816,Human
D6 - 817,AI
D6 - 818,Human
D6 - 819,AI
D6 - 820,Human
D6 - 821,AI
D6 - 822,Human
D6 - 823,AI
D6 - 824,Human
D6 - 825,AI
D6 - 826,Human
D6 - 827,AI
D6 - 828,Human
D6 - 829,AI
D6 - 830,Human
D6 - 831,AI
D6 - 832,Human
D6 - 833,AI
D6 - 834,Human
D6 - 835,AI
D6 - 836,Human
D6 - 837,AI
D6 - 838,Human
D6 - 839,Human
D6 - 840,AI
D6 - 841,Human
D6 - 842,AI
D6 - 843,Human
D6 - 844,AI
D6 - 845,Human
D6 - 846,AI
D6 - 847,Human
D6 - 848,Human
D6 - 849,AI
D6 - 850,Human
D6 - 851,AI
D6 - 852,Human
D6 - 853,AI
D6 - 854,Human
D6 - 855,AI
D6 - 856,Human
D6 - 857,Human
D6 - 858,AI
D6 - 859,Human
D6 - 860,AI
D6 - 861,Human
D6 - 862,AI
D6 - 863,Human
D6 - 864,AI
D6 - 865,Human
D6 - 866,AI
D6 - 867,Human
D6 - 868,AI
D6 - 869,Human
D6 - 870,AI
D6 - 871,Human
D6 - 872,AI
D6 - 873,Human
D6 - 874,AI
D6 - 875,Human
D6 - 876,AI
D6 - 877,Human
D6 - 878,AI
D6 - 879,Human
D6 - 880,AI
D6 - 881,Human
D6 - 882,Human
D6 - 883,AI
D6 - 884,Human
D6 - 885,AI
D6 - 886,Human
D6 - 887,Human
D6 - 888,AI
D6 - 889,Human
D6 - 890,AI
D6 - 891,Human
D6 - 892,AI
D6 - 893,Human
D6 - 894,AI
D6 - 895,Human
D6 - 896,AI
D6 - 897,Human
D6 - 898,AI
D6 - 899,Human
D6 - 900,AI
D6 - 901,Human
D6 - 902,AI
D6 - 903,Human
D6 - 904,AI
D6 - 905,Human
D6 - 906,AI
D6 - 907,Human
D6 - 908,AI
D6 - 909,Human
D6 - 910,AI
D6 - 911,Human
D6 - 912,AI
D6 - 913,Human
D6 - 914,AI
D6 - 915,Human
D6 - 916,AI
D6 - 917,Human
D6 - 918,AI
D6 - 919,Human
D6 - 920,AI
D6 - 921,Human
D6 - 922,Human
D6 - 923,AI
D6 - 924,Human
D6 - 925,AI
D6 - 926,Human
D6 - 927,AI
D6 - 928,Human
D6 - 929,AI
D6 - 930,Human
D6 - 931,AI
D6 - 932,Human
D6 - 933,AI
D6 - 934,Human
D6 - 935,AI
D6 - 936,Human
D6 - 937,AI
D6 - 938,Human
D6 - 939,AI
D6 - 940,Human
D6 - 941,AI
D6 - 942,Human
D6 - 943,AI
D6 - 944,Human
D6 - 945,Human
D6 - 946,AI
D6 - 947,Human
D6 - 948,AI
D6 - 949,Human
D6 - 950,AI
D6 - 951,Human
D6 - 952,Human
D6 - 953,AI
D6 - 954,Human
D6 - 955,AI
D6 - 956,Human
D6 - 957,AI
D6 - 958,Human
D6 - 959,AI
D6 - 960,Human
D6 - 961,Human
D6 - 962,AI
D6 - 963,Human
D6 - 964,AI
D6 - 965,Human
D6 - 966,AI
D6 - 967,Human
D6 - 968,AI
D6 - 969,Human
D6 - 970,AI
D6 - 971,Human
D6 - 972,AI
D6 - 973,Human
D6 - 974,AI
D6 - 975,Human
D6 - 976,AI
D6 - 977,Human
D6 - 978,AI
D6 - 979,Human
D6 - 980,AI
D6 - 981,Human
D6 - 982,AI
D6 - 983,Human
D6 - 984,AI
D6 - 985,Human
D6 - 986,AI
D6 - 987,Human
D6 - 988,AI
D6 - 989,Human
D6 - 990,AI
D6 - 991,Human
D6 - 992,AI
D6 - 993,Human
D6 - 994,AI
D6 - 995,Human
D6 - 996,AI
D6 - 997,Human
D6 - 998,AI
D6 - 999,Human
D6 - 1000,AI
D6 - 1001,Human
D6 - 1002,AI
D6 - 1003,Human
D6 - 1004,AI
D6 - 1005,Human
D6 - 1006,AI
D6 - 1007,Human
D6 - 1008,AI
D6 - 1009,Human
D6 - 1010,AI
D6 - 1011,Human
D6 - 1012,AI
D6 - 1013,Human
D6 - 1014,AI
D6 - 1015,Human
D6 - 1016,AI
D6 - 1017,Human
D6 - 1018,AI
D6 - 1019,Human
D6 - 1020,AI
D6 - 1021,Human
D6 - 1022,AI
D6 - 1023,Human
D6 - 1024,AI
D6 - 1025,Human
D6 - 1026,AI
D6 - 1027,Human
D6 - 1028,AI
D6 - 1029,Human
D6 - 1030,AI
D6 - 1031,Human
D6 - 1032,AI
D6 - 1033,Human
D6 - 1034,AI
D6 - 1035,Human
D6 - 1036,AI
D6 - 1037,Human
D6 - 1038,AI
D6 - 1039,Human
D6 - 1040,AI
D6 - 1041,Human
D6 - 1042,AI
D6 - 1043,Human
D6 - 1044,AI
D6 - 1045,Human
D6 - 1046,AI
D6 - 1047,Human
D6 - 1048,AI
D6 - 1049,Human
D6 - 1050,AI
D6 - 1051,Human
D6 - 1052,Human
D6 - 1053,AI
D6 - 1054,Human
D6 - 1055,AI
D6 - 1056,Human
D6 - 1057,AI
D6 - 1058,Human
D6 - 1059,AI
D6 - 1060,Human
D6 - 1061,AI
D6 - 1062,Human
D6 - 1063,AI
D6 - 1064,Human
D6 - 1065,AI
D6 - 1066,Human
D6 - 1067,AI
D6 - 1068,Human
D6 - 1069,AI
D6 - 1070,Human
D6 - 1071,AI
D6 - 1072,Human
D6 - 1073,AI
D6 - 1074,Human
D6 - 1075,AI
D6 - 1076,Human
D6 - 1077,AI
D6 - 1078,Human
D6 - 1079,AI
D6 - 1080,Human
D6 - 1081,Human
D6 - 1082,Human
D6 - 1083,AI
D6 - 1084,Human
D6 - 1085,AI
D6 - 1086,Human
D6 - 1087,AI
D6 - 1088,Human
D6 - 1089,AI
D6 - 1090,Human
D6 - 1091,AI
D6 - 1092,Human
D6 - 1093,AI
D6 - 1094,Human
D6 - 1095,AI
D6 - 1096,Human
D6 - 1097,AI
D6 - 1098,Human
D6 - 1099,AI
D6 - 1100,Human
D6 - 1101,AI
D6 - 1102,Human
D6 - 1103,AI
D6 - 1104,Human
D6 - 1105,AI
D6 - 1106,Human
D6 - 1107,AI
D6 - 1108,Human
D6 - 1109,AI
D6 - 1110,Human
D6 - 1111,AI
D6 - 1112,Human
D6 - 1113,Human
D6 - 1114,AI
D6 - 1115,Human
D6 - 1116,AI
D6 - 1117,Human
D6 - 1118,AI
D6 - 1119,Human
D6 - 1120,AI
D6 - 1121,Human
D6 - 1122,AI
D6 - 1123,Human
D6 - 1124,Human
D6 - 1125,AI
D6 - 1126,Human
D6 - 1127,AI
D6 - 1128,Human
D6 - 1129,AI
D6 - 1130,Human
D6 - 1131,AI
D6 - 1132,Human
D6 - 1133,AI
D6 - 1134,Human
D6 - 1135,AI
D6 - 1136,Human
D6 - 1137,AI
D6 - 1138,Human
D6 - 1139,AI
D6 - 1140,Human
D6 - 1141,AI
D6 - 1142,Human
D6 - 1143,Human
D6 - 1144,AI
D6 - 1145,Human
D6 - 1146,AI
D6 - 1147,Human
D6 - 1148,AI
D6 - 1149,Human
D6 - 1150,AI
D6 - 1151,Human
D6 - 1152,AI
D6 - 1153,Human
D6 - 1154,AI
D6 - 1155,Human
D6 - 1156,AI
D6 - 1157,Human
D6 - 1158,Human
D6 - 1159,AI
D6 - 1160,Human
D6 - 1161,AI
D6 - 1162,Human
D6 - 1163,AI
D6 - 1164,Human
D6 - 1165,AI
D6 - 1166,Human
D6 - 1167,Human
D6 - 1168,AI
D6 - 1169,Human
D6 - 1170,AI
D6 - 1171,Human
D6 - 1172,AI
D6 - 1173,Human
D6 - 1174,AI
D6 - 1175,Human
D6 - 1176,AI
D6 - 1177,Human
D6 - 1178,AI
D6 - 1179,Human
D6 - 1180,AI
D6 - 1181,Human
D6 - 1182,AI
D6 - 1183,Human
D6 - 1184,AI
D6 - 1185,Human
D6 - 1186,AI
D6 - 1187,Human
D6 - 1188,AI
D6 - 1189,Human
D6 - 1190,AI
D6 - 1191,Human
D6 - 1192,AI
D6 - 1193,Human
D6 - 1194,AI
D6 - 1195,Human
D6 - 1196,AI
D6 - 1197,Human
D6 - 1198,AI
D6 - 1199,Human
D6 - 1200,AI
D6 - 1201,Human
D6 - 1202,AI
D6 - 1203,Human
D6 - 1204,AI
D6 - 1205,Human
D6 - 1206,AI
D6 - 1207,Human
D6 - 1208,AI
D6 - 1209,Human
D6 - 1210,AI
D6 - 1211,Human
D6 - 1212,AI
D6 - 1213,Human
D6 - 1214,Human
D6 - 1215,AI
D6 - 1216,Human
D6 - 1217,AI
D6 - 1218,Human
D6 - 1219,AI
D6 - 1220,Human
D6 - 1221,AI
D6 - 1222,Human
D6 - 1223,AI
D6 - 1224,Human
D6 - 1225,AI
D6 - 1226,Human
D6 - 1227,AI
D6 - 1228,Human
D6 - 1229,AI
D6 - 1230,Human
D6 - 1231,AI
D6 - 1232,Human
D6 - 1233,AI
D6 - 1234,Human
D6 - 1235,AI
D6 - 1236,Human
D6 - 1237,AI
D6 - 1238,Human
D6 - 1239,AI
D6 - 1240,Human
D6 - 1241,AI
D6 - 1242,Human
D6 - 1243,AI
D6 - 1244,Human
D6 - 1245,AI
D6 - 1246,Human
D6 - 1247,AI
D6 - 1248,Human
D6 - 1249,AI
D6 - 1250,Human
D6 - 1251,AI
D6 - 1252,Human
D6 - 1253,AI
D6 - 1254,Human
D6 - 1255,AI
D6 - 1256,Human
D6 - 1257,AI
D6 - 1258,Human
D6 - 1259,AI
D6 - 1260,Human
D6 - 1261,AI
D6 - 1262,Human
D6 - 1263,AI
D6 - 1264,Human
D6 - 1265,AI
D6 - 1266,Human
D6 - 1267,AI
D6 - 1268,Human
D6 - 1269,AI
D6 - 1270,Human
D6 - 1271,AI
D6 - 1272,Human
D6 - 1273,Human
D6 - 1274,AI
D6 - 1275,Human
D6 - 1276,AI
D6 - 1277,Human
D6 - 1278,AI
D6 - 1279,Human
D6 - 1280,AI
D6 - 1281,Human
D6 - 1282,AI
D6 - 1283,Human
D6 - 1284,Human
D6 - 1285,AI
D6 - 1286,Human
D6 - 1287,AI
D6 - 1288,Human
D6 - 1289,AI
D6 - 1290,Human
D6 - 1291,AI
D6 - 1292,Human
D6 - 1293,AI
D6 - 1294,Human
D6 - 1295,AI
D6 - 1296,Human
D6 - 1297,AI
D6 - 1298,Human
D6 - 1299,AI
D6 - 1300,Human
D6 - 1301,AI
D6 - 1302,Human
D6 - 1303,AI
D6 - 1304,Human
D6 - 1305,AI
D6 - 1306,Human
D6 - 1307,AI
D6 - 1308,Human
D6 - 1309,AI
D6 - 1310,Human
D6 - 1311,AI
D6 - 1312,Human
D6 - 1313,AI
D6 - 1314,Human
D6 - 1315,AI
D6 - 1316,Human
D6 - 1317,AI
D6 - 1318,Human
D6 - 1319,AI
D6 - 1320,Human
D6 - 1321,AI
D6 - 1322,Human
D6 - 1323,AI
D6 - 1324,Human
D6 - 1325,AI
D6 - 1326,Human
D6 - 1327,AI
D6 - 1328,Human
D6 - 1329,AI
D6 - 1330,Human
D6 - 1331,Human
D6 - 1332,AI
D6 - 1333,Human
D6 - 1334,AI
D6 - 1335,Human
D6 - 1336,AI
D6 - 1337,Human
D6 - 1338,AI
D6 - 1339,Human
D6 - 1340,Human
D6 - 1341,AI
D6 - 1342,Human
D6 - 1343,AI
D6 - 1344,Human
D6 - 1345,AI
D6 - 1346,Human
D6 - 1347,AI
D6 - 1348,Human
D6 - 1349,AI
D6 - 1350,Human
D6 - 1351,AI
D6 - 1352,Human
D6 - 1353,AI
D6 - 1354,Human
D6 - 1355,AI
D6 - 1356,Human
D6 - 1357,AI
D6 - 1358,Human
D6 - 1359,AI
D6 - 1360,Human
D6 - 1361,AI
D6 - 1362,Human
D6 - 1363,AI
D6 - 1364,Human
D6 - 1365,AI
D6 - 1366,Human
D6 - 1367,AI
D6 - 1368,Human
D6 - 1369,AI
D6 - 1370,Human
D6 - 1371,AI
D6 - 1372,Human
D6 - 1373,AI
D6 - 1374,Human
D6 - 1375,AI
D6 - 1376,Human
D6 - 1377,AI
D6 - 1378,Human
D6 - 1379,Human
D6 - 1380,Human
D6 - 1381,AI
D6 - 1382,Human
D6 - 1383,AI
D6 - 1384,Human
D6 - 1385,AI
D6 - 1386,Human
D6 - 1387,AI
D6 - 1388,Human
D6 - 1389,AI
D6 - 1390,Human
D6 - 1391,AI
D6 - 1392,Human
D6 - 1393,AI
D6 - 1394,Human
D6 - 1395,AI
D6 - 1396,Human
D6 - 1397,AI
D6 - 1398,Human
D6 - 1399,AI
D6 - 1400,Human
D6 - 1401,AI
D6 - 1402,Human
D6 - 1403,AI
D6 - 1404,Human
D6 - 1405,AI
D6 - 1406,Human
D6 - 1407,AI
D6 - 1408,Human
D6 - 1409,AI
D6 - 1410,Human
D6 - 1411,AI
D6 - 1412,Human
D6 - 1413,AI
D6 - 1414,Human
D6 - 1415,AI
D6 - 1416,Human
D6 - 1417,AI
D6 - 1418,Human
D6 - 1419,AI
D6 - 1420,Human
D6 - 1421,AI
D6 - 1422,Human
D6 - 1423,AI
D6 - 1424,Human
D6 - 1425,AI
D6 - 1426,Human
D6 - 1427,AI
D6 - 1428,Human
D6 - 1429,AI
D6 - 1430,Human
D6 - 1431,AI
D6 - 1432,Human
D6 - 1433,AI
D6 - 1434,Human
D6 - 1435,AI
D6 - 1436,Human
D6 - 1437,AI
D6 - 1438,Human
D6 - 1439,AI
D6 - 1440,Human
D6 - 1441,Human
D6 - 1442,AI
D6 - 1443,Human
D6 - 1444,AI
D6 - 1445,Human
D6 - 1446,AI
D6 - 1447,Human
D6 - 1448,AI
D6 - 1449,Human
D6 - 1450,AI
D6 - 1451,Human
D6 - 1452,AI
D6 - 1453,Human
D6 - 1454,AI
D6 - 1455,Human
D6 - 1456,AI
D6 - 1457,Human
D6 - 1458,AI
D6 - 1459,Human
D6 - 1460,AI
D6 - 1461,Human
D6 - 1462,AI
D6 - 1463,Human
D6 - 1464,AI
D6 - 1465,Human
D6 - 1466,AI
D6 - 1467,Human
D6 - 1468,AI
D6 - 1469,Human
D6 - 1470,Human
D6 - 1471,Human
D6 - 1472,AI
D6 - 1473,Human
D6 - 1474,AI
D6 - 1475,Human
D6 - 1476,AI
D6 - 1477,Human
D6 - 1478,AI
D6 - 1479,Human
D6 - 1480,AI
D6 - 1481,Human
D6 - 1482,AI
D6 - 1483,Human
D6 - 1484,AI
D6 - 1485,Human
D6 - 1486,AI
D6 - 1487,Human
D6 - 1488,AI
D6 - 1489,Human
D6 - 1490,AI
D6 - 1491,Human
D6 - 1492,AI
D6 - 1493,Human
D6 - 1494,AI
D6 - 1495,Human
D6 - 1496,AI
D6 - 1497,Human
D6 - 1498,AI
D6 - 1499,Human
D6 - 1500,AI
D6 - 1501,Human
D6 - 1502,AI
D6 - 1503,Human
D6 - 1504,AI
D6 - 1505,Human
D6 - 1506,AI
D6 - 1507,Human
D6 - 1508,AI
D6 - 1509,Human
D6 - 1510,AI
D6 - 1511,Human
D6 - 1512,AI
D6 - 1513,Human
D6 - 1514,AI
D6 - 1515,Human
D6 - 1516,AI
D6 - 1517,Human
D6 - 1518,AI
D6 - 1519,Human
D6 - 1520,AI
D6 - 1521,Human
D6 - 1522,AI
D6 - 1523,Human
D6 - 1524,AI
D6 - 1525,Human
D6 - 1526,AI
D6 - 1527,Human
D6 - 1528,AI
D6 - 1529,Human
D6 - 1530,AI
D6 - 1531,Human
D6 - 1532,AI
D6 - 1533,Human
D6 - 1534,AI
D6 - 1535,Human
D6 - 1536,AI
D6 - 1537,Human
D6 - 1538,AI
D6 - 1539,Human
D6 - 1540,AI
D6 - 1541,Human
D6 - 1542,AI
D6 - 1543,Human
D6 - 1544,AI
D6 - 1545,Human
D6 - 1546,AI
D6 - 1547,Human
D6 - 1548,AI
D6 - 1549,Human
D6 - 1550,AI
D6 - 1551,Human
D6 - 1552,AI
D6 - 1553,Human
D6 - 1554,AI
D6 - 1555,Human
D6 - 1556,Human
D6 - 1557,AI
D6 - 1558,Human
D6 - 1559,AI
D6 - 1560,Human
D6 - 1561,AI
D6 - 1562,Human
D6 - 1563,AI
D6 - 1564,Human
D6 - 1565,AI
D6 - 1566,Human
D6 - 1567,AI
D6 - 1568,Human
D6 - 1569,AI
D6 - 1570,Human
D6 - 1571,AI
D6 - 1572,Human
D6 - 1573,Human
D6 - 1574,AI
D6 - 1575,Human
D6 - 1576,AI
D6 - 1577,Human
D6 - 1578,AI
D6 - 1579,Human
D6 - 1580,AI
D6 - 1581,Human
D6 - 1582,AI
D6 - 1583,Human
D6 - 1584,AI
D6 - 1585,Human
D6 - 1586,AI
D6 - 1587,Human
D6 - 1588,AI
D6 - 1589,Human
D6 - 1590,AI
D6 - 1591,Human
D6 - 1592,Human
D6 - 1593,AI
D6 - 1594,Human
D6 - 1595,AI
D6 - 1596,Human
D6 - 1597,AI
D6 - 1598,Human
D6 - 1599,AI
D6 - 1600,Human
D6 - 1601,Human
D6 - 1602,AI
D6 - 1603,Human
D6 - 1604,AI
D6 - 1605,Human
D6 - 1606,AI
D6 - 1607,Human
D6 - 1608,AI
D6 - 1609,Human
D6 - 1610,AI
D6 - 1611,Human
D6 - 1612,AI
D6 - 1613,Human
D6 - 1614,AI
D6 - 1615,Human
D6 - 1616,AI
D6 - 1617,Human
D6 - 1618,AI
D6 - 1619,Human
D6 - 1620,AI
D6 - 1621,Human
D6 - 1622,AI
D6 - 1623,Human
D6 - 1624,AI
D6 - 1625,Human
D6 - 1626,AI
D6 - 1627,Human
D6 - 1628,AI
D6 - 1629,Human
D6 - 1630,AI
D6 - 1631,Human
D6 - 1632,AI
D6 - 1633,Human
D6 - 1634,AI
D6 - 1635,Human
D6 - 1636,AI
D6 - 1637,Human
D6 - 1638,AI
D6 - 1639,Human
D6 - 1640,AI
D6 - 1641,Human
D6 - 1642,AI
D6 - 1643,Human
D6 - 1644,AI
D6 - 1645,Human
D6 - 1646,AI
D6 - 1647,Human
D6 - 1648,AI
D6 - 1649,Human
D6 - 1650,Human
D6 - 1651,AI
D6 - 1652,Human
D6 - 1653,AI
D6 - 1654,Human
D6 - 1655,AI
D6 - 1656,Human
D6 - 1657,AI
D6 - 1658,Human
D6 - 1659,Human
D6 - 1660,AI
D6 - 1661,Human
D6 - 1662,AI
D6 - 1663,Human
D6 - 1664,Human
D6 - 1665,AI
D6 - 1666,Human
D6 - 1667,AI
D6 - 1668,Human
D6 - 1669,AI
D6 - 1670,Human
D6 - 1671,AI
D6 - 1672,Human
D6 - 1673,AI
D6 - 1674,Human
D6 - 1675,AI
D6 - 1676,Human
D6 - 1677,Human
D6 - 1678,AI
D6 - 1679,Human
D6 - 1680,AI
D6 - 1681,Human
D6 - 1682,AI
D6 - 1683,Human
D6 - 1684,AI
D6 - 1685,Human
D6 - 1686,AI
D6 - 1687,Human
D6 - 1688,AI
D6 - 1689,Human
D6 - 1690,AI
D6 - 1691,Human
D6 - 1692,AI
D6 - 1693,Human
D6 - 1694,AI
D6 - 1695,Human
D6 - 1696,AI
D6 - 1697,Human
D6 - 1698,AI
D6 - 1699,Human
D6 - 1700,AI
D6 - 1701,Human
D6 - 1702,AI
D6 - 1703,Human
D6 - 1704,AI
D6 - 1705,Human
D6 - 1706,Human
D6 - 1707,AI
D6 - 1708,Human
D6 - 1709,Human
D6 - 1710,AI
D6 - 1711,Human
D6 - 1712,AI
D6 - 1713,Human
D6 - 1714,AI
D6 - 1715,Human
D6 - 1716,AI
D6 - 1717,Human
D6 - 1718,AI
D6 - 1719,Human
D6 - 1720,AI
D6 - 1721,Human
D6 - 1722,AI
D6 - 1723,Human
D6 - 1724,AI
D6 - 1725,Human
D6 - 1726,AI
D6 - 1727,Human
D6 - 1728,AI
D6 - 1729,Human
D6 - 1730,AI
D6 - 1731,Human
D6 - 1732,AI
D6 - 1733,Human
D6 - 1734,AI
D6 - 1735,Human
D6 - 1736,Human
D6 - 1737,Human
D6 - 1738,AI
D6 - 1739,Human
D6 - 1740,AI
D6 - 1741,Human
D6 - 1742,AI
D6 - 1743,Human
D6 - 1744,AI
D6 - 1745,Human
D6 - 1746,AI
D6 - 1747,Human
D6 - 1748,AI
D6 - 1749,Human
D6 - 1750,AI
D6 - 1751,Human
D6 - 1752,AI
D6 - 1753,Human
D6 - 1754,AI
D6 - 1755,Human
D6 - 1756,AI
D6 - 1757,Human
D6 - 1758,AI
D6 - 1759,Human
D6 - 1760,AI
D6 - 1761,Human
D6 - 1762,AI
D6 - 1763,Human
D6 - 1764,AI
D6 - 1765,Human
D6 - 1766,AI
D6 - 1767,Human
D6 - 1768,AI
D6 - 1769,Human
D6 - 1770,AI
D6 - 1771,Human
D6 - 1772,AI
D6 - 1773,Human
D6 - 1774,AI
D6 - 1775,Human
D6 - 1776,AI
D6 - 1777,Human
D6 - 1778,AI
D6 - 1779,Human
D6 - 1780,AI
D6 - 1781,Human
D6 - 1782,AI
D6 - 1783,Human
D6 - 1784,AI
D6 - 1785,Human
D6 - 1786,AI
D6 - 1787,Human
D6 - 1788,AI
D6 - 1789,Human
D6 - 1790,AI
D6 - 1791,Human
D6 - 1792,AI
D6 - 1793,Human
D6 - 1794,AI
D6 - 1795,Human
D6 - 1796,AI
D6 - 1797,Human
D6 - 1798,AI
D6 - 1799,Human
D6 - 1800,Human
D6 - 1801,AI
D6 - 1802,Human
D6 - 1803,AI
D6 - 1804,Human
D6 - 1805,AI
D6 - 1806,Human
D6 - 1807,AI
D6 - 1808,Human
D6 - 1809,AI
D6 - 1810,Human
D6 - 1811,Human
D6 - 1812,AI
D6 - 1813,Human
D6 - 1814,AI
D6 - 1815,Human
D6 - 1816,AI
D6 - 1817,Human
D6 - 1818,AI
D6 - 1819,Human
D6 - 1820,AI
D6 - 1821,Human
D6 - 1822,AI
D6 - 1823,Human
D6 - 1824,AI
D6 - 1825,Human
D6 - 1826,AI
D6 - 1827,Human
D6 - 1828,AI
D6 - 1829,Human
D6 - 1830,AI
D6 - 1831,Human
D6 - 1832,AI
D6 - 1833,Human
D6 - 1834,AI
D6 - 1835,Human
D6 - 1836,Human
D6 - 1837,AI
D6 - 1838,Human
D6 - 1839,AI
D6 - 1840,Human
D6 - 1841,AI
D6 - 1842,Human
D6 - 1843,AI
D6 - 1844,Human
D6 - 1845,AI
D6 - 1846,Human
D6 - 1847,AI
D6 - 1848,Human
D6 - 1849,AI
D6 - 1850,Human
D6 - 1851,AI
D6 - 1852,Human
D6 - 1853,AI
D6 - 1854,Human
D6 - 1855,AI
D6 - 1856,Human
D6 - 1857,AI
D6 - 1858,Human
D6 - 1859,AI
D6 - 1860,Human
D6 - 1861,AI
D6 - 1862,Human
D6 - 1863,AI
D6 - 1864,Human
D6 - 1865,AI
D6 - 1866,Human
D6 - 1867,AI
D6 - 1868,Human
D6 - 1869,AI
D6 - 1870,Human
D6 - 1871,AI
D6 - 1872,Human
D6 - 1873,Human
D6 - 1874,AI
D6 - 1875,Human
D6 - 1876,AI
D6 - 1877,Human
D6 - 1878,AI
D6 - 1879,Human
D6 - 1880,AI
D6 - 1881,Human
D6 - 1882,AI
D6 - 1883,Human
D6 - 1884,AI
D6 - 1885,Human
D6 - 1886,AI
D6 - 1887,Human
D6 - 1888,AI
D6 - 1889,Human
D6 - 1890,AI
D6 - 1891,Human
D6 - 1892,AI
D6 - 1893,Human
D6 - 1894,AI
D6 - 1895,Human
D6 - 1896,AI
D6 - 1897,Human
D6 - 1898,AI
D6 - 1899,Human
D6 - 1900,AI
D6 - 1901,Human
D6 - 1902,AI
D6 - 1903,Human
D6 - 1904,AI
D6 - 1905,Human
D6 - 1906,AI
D6 - 1907,Human
D6 - 1908,AI
D6 - 1909,Human
D6 - 1910,AI
D6 - 1911,Human
D6 - 1912,AI
D6 - 1913,Human
D6 - 1914,AI
D6 - 1915,Human
D6 - 1916,AI
D6 - 1917,Human
D6 - 1918,AI
D6 - 1919,Human
D6 - 1920,AI
D6 - 1921,Human
D6 - 1922,AI
D6 - 1923,Human
D6 - 1924,AI
D6 - 1925,Human
D6 - 1926,AI
D6 - 1927,Human
D6 - 1928,AI
D6 - 1929,Human
D6 - 1930,AI
D6 - 1931,Human
D6 - 1932,AI
D6 - 1933,Human
D6 - 1934,AI
D6 - 1935,Human
D6 - 1936,AI
D6 - 1937,Human
D6 - 1938,AI
D6 - 1939,Human
D6 - 1940,AI
D6 - 1941,Human
D6 - 1942,AI
D6 - 1943,Human
D6 - 1944,Human
D6 - 1945,AI
D6 - 1946,Human
D6 - 1947,Human
D6 - 1948,AI
D6 - 1949,Human
D6 - 1950,AI
D6 - 1951,Human
D6 - 1952,AI
D6 - 1953,Human
D6 - 1954,AI
D6 - 1955,Human
D6 - 1956,AI
D6 - 1957,Human
D6 - 1958,AI
D6 - 1959,Human
D6 - 1960,Human
D6 - 1961,AI
D6 - 1962,Human
D6 - 1963,AI
D6 - 1964,Human
D6 - 1965,AI
D6 - 1966,Human
D6 - 1967,Human
D6 - 1968,AI
D6 - 1969,Human
D6 - 1970,AI
D6 - 1971,Human
D6 - 1972,AI
D6 - 1973,Human
D6 - 1974,AI
D6 - 1975,Human
D6 - 1976,AI
D6 - 1977,Human
D6 - 1978,AI
D6 - 1979,Human
D6 - 1980,AI
D6 - 1981,Human
D6 - 1982,Human
D6 - 1983,AI
D6 - 1984,Human
D6 - 1985,AI
D6 - 1986,Human
D6 - 1987,AI
D6 - 1988,Human
D6 - 1989,AI
D6 - 1990,Human
D6 - 1991,AI
D6 - 1992,Human
D6 - 1993,AI
D6 - 1994,Human
D6 - 1995,AI
D6 - 1996,Human
D6 - 1997,AI
D6 - 1998,Human
D6 - 1999,AI
D6 - 2000,Human
D6 - 2001,AI
D6 - 2002,Human
D6 - 2003,AI
D6 - 2004,Human
D6 - 2005,AI
D6 - 2006,Human
D6 - 2007,AI
D6 - 2008,Human
D6 - 2009,AI
D6 - 2010,Human
D6 - 2011,AI
D6 - 2012,Human
D6 - 2013,AI
D6 - 2014,Human
D6 - 2015,Human
D6 - 2016,AI
D6 - 2017,Human
D6 - 2018,AI
D6 - 2019,Human
D6 - 2020,AI
D6 - 2021,Human
D6 - 2022,AI
D6 - 2023,Human
D6 - 2024,AI
D6 - 2025,Human
D6 - 2026,Human
D6 - 2027,AI
D6 - 2028,Human
D6 - 2029,AI
D6 - 2030,Human
D6 - 2031,AI
D6 - 2032,Human
D6 - 2033,AI
D6 - 2034,Human
D6 - 2035,AI
D6 - 2036,Human
D6 - 2037,AI
D6 - 2038,Human
D6 - 2039,Human
D6 - 2040,AI
D6 - 2041,Human
D6 - 2042,AI
D6 - 2043,Human
D6 - 2044,AI
D6 - 2045,Human
D6 - 2046,AI
D6 - 2047,Human
D6 - 2048,Human
D6 - 2049,AI
D6 - 2050,Human
D6 - 2051,AI
D6 - 2052,Human
D6 - 2053,AI
D6 - 2054,Human
D6 - 2055,AI
D6 - 2056,Human
D6 - 2057,AI
D6 - 2058,Human
D6 - 2059,AI
D6 - 2060,Human
D6 - 2061,AI
D6 - 2062,Human
D6 - 2063,AI
D6 - 2064,Human
D6 - 2065,AI
D6 - 2066,Human
D6 - 2067,AI
D6 - 2068,Human
D6 - 2069,AI
D6 - 2070,Human
D6 - 2071,AI
D6 - 2072,Human
D6 - 2073,AI
D6 - 2074,Human
D6 - 2075,AI
D6 - 2076,Human
D6 - 2077,Human
D6 - 2078,AI
D6 - 2079,Human
D6 - 2080,AI
D6 - 2081,Human
D6 - 2082,AI
D6 - 2083,Human
D6 - 2084,AI
D6 - 2085,Human
D6 - 2086,AI
D6 - 2087,Human
D6 - 2088,AI
D6 - 2089,Human
D6 - 2090,AI
D6 - 2091,Human
D6 - 2092,AI
D6 - 2093,Human
D6 - 2094,AI
D6 - 2095,Human
D6 - 2096,AI
D6 - 2097,Human
D6 - 2098,AI
D6 - 2099,Human
D6 - 2100,AI
D6 - 2101,Human
D6 - 2102,AI
D6 - 2103,Human
D6 - 2104,AI
D6 - 2105,Human
D6 - 2106,AI
D6 - 2107,Human
D6 - 2108,AI
D6 - 2109,Human
D6 - 2110,AI
D6 - 2111,Human
D6 - 2112,AI
D6 - 2113,Human
D6 - 2114,AI
D6 - 2115,Human
D6 - 2116,AI
D6 - 2117,Human
D6 - 2118,AI
D6 - 2119,Human
D6 - 2120,AI
D6 - 2121,Human
D6 - 2122,AI
D6 - 2123,Human
D6 - 2124,AI
D6 - 2125,Human
D6 - 2126,Human
D6 - 2127,AI
D6 - 2128,Human
D6 - 2129,AI
D6 - 2130,Human
D6 - 2131,AI
D6 - 2132,Human
D6 - 2133,AI
D6 - 2134,Human
D6 - 2135,AI
D6 - 2136,Human
D6 - 2137,AI
D6 - 2138,Human
D6 - 2139,AI
D6 - 2140,Human
D6 - 2141,AI
D6 - 2142,Human
D6 - 2143,AI
D6 - 2144,Human
D6 - 2145,AI
D6 - 2146,Human
D6 - 2147,AI
D6 - 2148,Human
D6 - 2149,AI
D6 - 2150,Human
D6 - 2151,AI
D6 - 2152,Human
D6 - 2153,AI
D6 - 2154,Human
D6 - 2155,Human
D6 - 2156,AI
D6 - 2157,Human
D6 - 2158,AI
D6 - 2159,Human
D6 - 2160,AI
D6 - 2161,Human
D6 - 2162,AI
D6 - 2163,Human
D6 - 2164,AI
D6 - 2165,Human
D6 - 2166,AI
D6 - 2167,Human
D6 - 2168,AI
D6 - 2169,Human
D6 - 2170,AI
D6 - 2171,Human
D6 - 2172,AI
D6 - 2173,Human
D6 - 2174,AI
D6 - 2175,Human
D6 - 2176,AI
D6 - 2177,Human
D6 - 2178,AI
D6 - 2179,Human
D6 - 2180,AI
D6 - 2181,Human
D6 - 2182,Human
D6 - 2183,AI
D6 - 2184,Human
D6 - 2185,AI
D6 - 2186,Human
D6 - 2187,Human
D6 - 2188,AI
D6 - 2189,Human
D6 - 2190,AI
D6 - 2191,Human
D6 - 2192,AI
D6 - 2193,Human
D6 - 2194,AI
D6 - 2195,Human
D6 - 2196,AI
D6 - 2197,Human
D6 - 2198,AI
D6 - 2199,Human
D6 - 2200,AI
D6 - 2201,Human
D6 - 2202,AI
D6 - 2203,Human
D6 - 2204,AI
D6 - 2205,Human
D6 - 2206,AI
D6 - 2207,Human
D6 - 2208,AI
D6 - 2209,Human
D6 - 2210,AI
D6 - 2211,Human
D6 - 2212,AI
D6 - 2213,Human
D6 - 2214,AI
D6 - 2215,Human
D6 - 2216,AI
D6 - 2217,Human
D6 - 2218,AI
D6 - 2219,Human
D6 - 2220,AI
D6 - 2221,Human
D6 - 2222,AI
D6 - 2223,Human
D6 - 2224,AI
D6 - 2225,Human
D6 - 2226,AI
D6 - 2227,Human
D6 - 2228,AI
D6 - 2229,Human
D6 - 2230,AI
D6 - 2231,Human
D6 - 2232,AI
D6 - 2233,Human
D6 - 2234,AI
D6 - 2235,Human
D6 - 2236,AI
D6 - 2237,Human
D6 - 2238,AI
D6 - 2239,Human
D6 - 2240,AI
D6 - 2241,Human
D6 - 2242,AI
D6 - 2243,Human
D6 - 2244,AI
D6 - 2245,Human
D6 - 2246,AI
D6 - 2247,Human
D6 - 2248,AI
D6 - 2249,Human
D6 - 2250,AI
D6 - 2251,Human
D6 - 2252,AI
D6 - 2253,Human
D6 - 2254,AI
D6 - 2255,Human
D6 - 2256,AI
D6 - 2257,Human
D6 - 2258,AI
D6 - 2259,Human
D6 - 2260,AI
D6 - 2261,Human
D6 - 2262,AI
D6 - 2263,Human
D6 - 2264,AI
D6 - 2265,Human
D6 - 2266,AI
D6 - 2267,Human
D6 - 2268,AI
D6 - 2269,Human
D6 - 2270,AI
D6 - 2271,Human
D6 - 2272,AI
D6 - 2273,Human
D6 - 2274,AI
D6 - 2275,Human
D6 - 2276,AI
D6 - 2277,Human
D6 - 2278,AI
D6 - 2279,Human
D6 - 2280,AI
D6 - 2281,Human
D6 - 2282,AI
D6 - 2283,Human
D6 - 2284,AI
D6 - 2285,Human
D6 - 2286,AI
D6 - 2287,Human
D6 - 2288,AI
D6 - 2289,Human
D6 - 2290,AI
D6 - 2291,Human
D6 - 2292,AI
D6 - 2293,Human
D6 - 2294,AI
D6 - 2295,Human
D6 - 2296,AI
D6 - 2297,Human
D6 - 2298,AI
D6 - 2299,Human
D6 - 2300,AI
D6 - 2301,Human
D6 - 2302,AI
D6 - 2303,Human
D6 - 2304,AI
D6 - 2305,Human
D6 - 2306,AI
D6 - 2307,Human
D6 - 2308,AI
D6 - 2309,Human
D6 - 2310,Human
D6 - 2311,Human
D6 - 2312,AI
D6 - 2313,Human
D6 - 2314,AI
D6 - 2315,Human
D6 - 2316,AI
D6 - 2317,Human
D6 - 2318,AI
D6 - 2319,Human
D6 - 2320,AI
D6 - 2321,Human
D6 - 2322,Human
D6 - 2323,AI
D6 - 2324,Human
D6 - 2325,AI
D6 - 2326,Human
D6 - 2327,AI
D6 - 2328,Human
D6 - 2329,AI
D6 - 2330,Human
D6 - 2331,AI
D6 - 2332,Human
D6 - 2333,AI
D6 - 2334,Human
D6 - 2335,AI
D6 - 2336,Human
D6 - 2337,AI
D6 - 2338,Human
D6 - 2339,AI
D6 - 2340,Human
D6 - 2341,AI
D6 - 2342,Human
D6 - 2343,AI
D6 - 2344,Human
D6 - 2345,AI
D6 - 2346,Human
D6 - 2347,AI
D6 - 2348,Human
D6 - 2349,AI
D6 - 2350,Human
D6 - 2351,AI
D6 - 2352,Human
D6 - 2353,Human
D6 - 2354,AI
D6 - 2355,Human
D6 - 2356,AI
D6 - 2357,Human
D6 - 2358,AI
D6 - 2359,Human
D6 - 2360,AI
D6 - 2361,Human
D6 - 2362,AI
D6 - 2363,Human
D6 - 2364,AI
D6 - 2365,Human
D6 - 2366,AI
D6 - 2367,Human
D6 - 2368,AI
D6 - 2369,Human
D6 - 2370,AI
D6 - 2371,Human
D6 - 2372,AI
D6 - 2373,Human
D6 - 2374,AI
D6 - 2375,Human
D6 - 2376,AI
D6 - 2377,Human
D6 - 2378,AI
D6 - 2379,Human
D6 - 2380,AI
D6 - 2381,Human
D6 - 2382,AI
D6 - 2383,Human
D6 - 2384,AI
D6 - 2385,Human
D6 - 2386,AI
D6 - 2387,Human
D6 - 2388,AI
D6 - 2389,Human
D6 - 2390,AI
D6 - 2391,Human
D6 - 2392,AI
D6 - 2393,Human
D6 - 2394,AI
D6 - 2395,Human
D6 - 2396,AI
D6 - 2397,Human
D6 - 2398,AI
D6 - 2399,Human
D6 - 2400,AI
D6 - 2401,Human
D6 - 2402,AI
D6 - 2403,Human
D6 - 2404,AI
D6 - 2405,Human
D6 - 2406,AI
D6 - 2407,Human
D6 - 2408,AI
D6 - 2409,Human
D6 - 2410,AI
D6 - 2411,Human
D6 - 2412,AI
D6 - 2413,Human
D6 - 2414,AI
D6 - 2415,Human
D6 - 2416,AI
D6 - 2417,Human
D6 - 2418,AI
D6 - 2419,Human
D6 - 2420,AI
D6 - 2421,Human
D6 - 2422,AI
D6 - 2423,Human
D6 - 2424,AI
D6 - 2425,Human
D6 - 2426,AI
D6 - 2427,Human
D6 - 2428,AI
D6 - 2429,Human
D6 - 2430,AI
D6 - 2431,Human
D6 - 2432,AI
D6 - 2433,Human
D6 - 2434,AI
D6 - 2435,Human
D6 - 2436,AI
D6 - 2437,Human
D6 - 2438,AI
D6 - 2439,Human
D6 - 2440,AI
D6 - 2441,Human
D6 - 2442,AI
D6 - 2443,Human
D6 - 2444,AI
D6 - 2445,Human
D6 - 2446,AI
D6 - 2447,Human
D6 - 2448,AI
D6 - 2449,Human
D6 - 2450,AI
D6 - 2451,Human
D6 - 2452,AI
D6 - 2453,Human
D6 - 2454,AI
D6 - 2455,Human
D6 - 2456,AI
D6 - 2457,Human
D6 - 2458,AI
D6 - 2459,Human
D6 - 2460,AI
D6 - 2461,Human
D6 - 2462,AI
D6 - 2463,Human
D6 - 2464,AI
D6 - 2465,Human
D6 - 2466,AI
D6 - 2467,Human
D6 - 2468,AI
D6 - 2469,Human
D6 - 2470,AI
D6 - 2471,Human
D6 - 2472,Human
D6 - 2473,AI
D6 - 2474,Human
D6 - 2475,AI
D6 - 2476,Human
D6 - 2477,AI
D6 - 2478,Human
D6 - 2479,AI
D6 - 2480,Human
D6 - 2481,AI
D6 - 2482,Human
D6 - 2483,AI
D6 - 2484,Human
D6 - 2485,AI
D6 - 2486,Human
D6 - 2487,AI
D6 - 2488,Human
D6 - 2489,AI
D6 - 2490,Human
D6 - 2491,AI
D6 - 2492,Human
D6 - 2493,AI
D6 - 2494,Human
D6 - 2495,AI
D6 - 2496,Human
D6 - 2497,Human
D6 - 2498,AI
D6 - 2499,Human
D6 - 2500,AI
D6 - 2501,Human
D6 - 2502,AI
D6 - 2503,Human
D6 - 2504,AI
D6 - 2505,Human
D6 - 2506,AI
D6 - 2507,Human
D6 - 2508,AI
D6 - 2509,Human
D6 - 2510,AI
D6 - 2511,Human
D6 - 2512,AI
D6 - 2513,Human
D6 - 2514,AI
D6 - 2515,Human
D6 - 2516,AI
D6 - 2517,Human
D6 - 2518,AI
D6 - 2519,Human
D6 - 2520,AI
D6 - 2521,Human
D6 - 2522,AI
D6 - 2523,Human
D6 - 2524,AI
D6 - 2525,Human
D6 - 2526,Human
D6 - 2527,AI
D6 - 2528,Human
D6 - 2529,AI
D6 - 2530,Human
D6 - 2531,AI
D6 - 2532,Human
D6 - 2533,AI
D6 - 2534,Human
D6 - 2535,AI
D6 - 2536,Human
D6 - 2537,AI
D6 - 2538,Human
D6 - 2539,AI
D6 - 2540,Human
D6 - 2541,AI
D6 - 2542,Human
D6 - 2543,AI
D6 - 2544,Human
D6 - 2545,AI
D6 - 2546,Human
D6 - 2547,AI
D6 - 2548,Human
D6 - 2549,AI
D6 - 2550,Human
D6 - 2551,AI
D6 - 2552,Human
D6 - 2553,AI
D6 - 2554,Human
D6 - 2555,AI
D6 - 2556,Human
D6 - 2557,Human
D6 - 2558,AI
D6 - 2559,Human
D6 - 2560,AI
D6 - 2561,Human
D6 - 2562,AI
D6 - 2563,Human
D6 - 2564,AI
D6 - 2565,Human
D6 - 2566,AI
D6 - 2567,Human
D6 - 2568,AI
D6 - 2569,Human
D6 - 2570,AI
D6 - 2571,Human
D6 - 2572,AI
D6 - 2573,Human
D6 - 2574,AI
D6 - 2575,Human
D6 - 2576,AI
D6 - 2577,Human
D6 - 2578,Human
D6 - 2579,AI
D6 - 2580,Human
D6 - 2581,AI
D6 - 2582,Human
D6 - 2583,AI
D6 - 2584,Human
D6 - 2585,AI
D6 - 2586,Human
D6 - 2587,AI
D6 - 2588,Human
D6 - 2589,AI
D6 - 2590,Human
D6 - 2591,AI
D6 - 2592,Human
D6 - 2593,Human
D6 - 2594,AI
D6 - 2595,Human
D6 - 2596,AI
D6 - 2597,Human
D6 - 2598,AI
D6 - 2599,Human
D6 - 2600,AI
D6 - 2601,Human
D6 - 2602,AI
D6 - 2603,Human
D6 - 2604,Human
D6 - 2605,AI
D6 - 2606,Human
D6 - 2607,AI
D6 - 2608,Human
D6 - 2609,AI
D6 - 2610,Human
D6 - 2611,AI
D6 - 2612,Human
D6 - 2613,AI
D6 - 2614,Human
D6 - 2615,AI
D6 - 2616,Human
D6 - 2617,AI
D6 - 2618,Human
D6 - 2619,AI
D6 - 2620,Human
D6 - 2621,AI
D6 - 2622,Human
D6 - 2623,AI
D6 - 2624,Human
D6 - 2625,AI
D6 - 2626,Human
D6 - 2627,AI
D6 - 2628,Human
D6 - 2629,AI
D6 - 2630,Human
D6 - 2631,AI
D6 - 2632,Human
D6 - 2633,AI
D6 - 2634,Human
D6 - 2635,AI
D6 - 2636,Human
D6 - 2637,AI
D6 - 2638,Human
D6 - 2639,AI
D6 - 2640,Human
D6 - 2641,AI
D6 - 2642,Human
D6 - 2643,AI
D6 - 2644,Human
D6 - 2645,AI
D6 - 2646,Human
D6 - 2647,AI
D6 - 2648,Human
D6 - 2649,AI
D6 - 2650,Human
D6 - 2651,AI
D6 - 2652,Human
D6 - 2653,Human
D6 - 2654,AI
D6 - 2655,Human
D6 - 2656,AI
D6 - 2657,Human
D6 - 2658,AI
D6 - 2659,Human
D6 - 2660,AI
D6 - 2661,Human
D6 - 2662,AI
D6 - 2663,Human
D6 - 2664,AI
D6 - 2665,Human
D6 - 2666,AI
D6 - 2667,Human
D6 - 2668,AI
D6 - 2669,Human
D6 - 2670,AI
D6 - 2671,Human
D6 - 2672,AI
D6 - 2673,Human
D6 - 2674,AI
D6 - 2675,Human
D6 - 2676,AI
D6 - 2677,Human
D6 - 2678,AI
D6 - 2679,Human
D6 - 2680,AI
D6 - 2681,Human
D6 - 2682,AI
D6 - 2683,Human
D6 - 2684,AI
D6 - 2685,Human
D6 - 2686,AI
D6 - 2687,Human
D6 - 2688,AI
D6 - 2689,Human
D6 - 2690,AI
D6 - 2691,Human
D6 - 2692,AI
D6 - 2693,Human
D6 - 2694,AI
D6 - 2695,Human
D6 - 2696,AI
D6 - 2697,Human
D6 - 2698,AI
D6 - 2699,Human
D6 - 2700,AI
D6 - 2701,Human
D6 - 2702,AI
D6 - 2703,Human
D6 - 2704,AI
D6 - 2705,Human
D6 - 2706,AI
D6 - 2707,Human
D6 - 2708,AI
D6 - 2709,Human
D6 - 2710,AI
D6 - 2711,Human
D6 - 2712,AI
D6 - 2713,Human
D6 - 2714,AI
D6 - 2715,Human
D6 - 2716,AI
D6 - 2717,Human
D6 - 2718,AI
D6 - 2719,Human
D6 - 2720,AI
D6 - 2721,Human
D6 - 2722,AI
D6 - 2723,Human
D6 - 2724,AI
D6 - 2725,Human
D6 - 2726,AI
D6 - 2727,Human
D6 - 2728,AI
D6 - 2729,Human
D6 - 2730,AI
D6 - 2731,Human
D6 - 2732,AI
D6 - 2733,Human
D6 - 2734,AI
D6 - 2735,Human
D6 - 2736,AI
D6 - 2737,Human
D6 - 2738,AI
D6 - 2739,Human
D6 - 2740,AI
D6 - 2741,Human
D6 - 2742,AI
D6 - 2743,Human
D6 - 2744,AI
D6 - 2745,Human
D6 - 2746,AI
D6 - 2747,Human
D6 - 2748,AI
D6 - 2749,Human
D6 - 2750,AI
D6 - 2751,Human
D6 - 2752,AI
D6 - 2753,Human
D6 - 2754,Human
D6 - 2755,AI
D6 - 2756,Human
D6 - 2757,AI
D6 - 2758,Human
D6 - 2759,AI
D6 - 2760,Human
D6 - 2761,AI
D6 - 2762,Human
D6 - 2763,AI
D6 - 2764,Human
D6 - 2765,AI
D6 - 2766,Human
D6 - 2767,AI
D6 - 2768,Human
D6 - 2769,AI
D6 - 2770,Human
D6 - 2771,AI
D6 - 2772,Human
D6 - 2773,AI
D6 - 2774,Human
D6 - 2775,AI
D6 - 2776,Human
D6 - 2777,AI
D6 - 2778,Human
D6 - 2779,AI
D6 - 2780,Human
D6 - 2781,Human
D6 - 2782,AI
D6 - 2783,Human
D6 - 2784,AI
D6 - 2785,Human
D6 - 2786,AI
D6 - 2787,Human
D6 - 2788,Human
D6 - 2789,AI
D6 - 2790,Human
D6 - 2791,AI
D6 - 2792,Human
D6 - 2793,AI
D6 - 2794,Human
D6 - 2795,AI
D6 - 2796,Human
D6 - 2797,AI
D6 - 2798,Human
D6 - 2799,AI
D6 - 2800,Human
D6 - 2801,AI
D6 - 2802,Human
D6 - 2803,AI
D6 - 2804,Human
D6 - 2805,AI
D6 - 2806,Human
D6 - 2807,AI
D6 - 2808,Human
D6 - 2809,AI
D6 - 2810,Human
D6 - 2811,AI
D6 - 2812,Human
D6 - 2813,AI
D6 - 2814,Human
D6 - 2815,AI
D6 - 2816,Human
D6 - 2817,AI
D6 - 2818,Human
D6 - 2819,AI
D6 - 2820,Human
D6 - 2821,AI
D6 - 2822,Human
D6 - 2823,AI
D6 - 2824,Human
D6 - 2825,AI
D6 - 2826,Human
D6 - 2827,Human
D6 - 2828,AI
D6 - 2829,Human
D6 - 2830,AI
D6 - 2831,Human
D6 - 2832,Human
D6 - 2833,AI
D6 - 2834,Human
D6 - 2835,AI
D6 - 2836,Human
D6 - 2837,AI
D6 - 2838,Human
D6 - 2839,AI
D6 - 2840,Human
D6 - 2841,AI
D6 - 2842,Human
D6 - 2843,AI
D6 - 2844,Human
D6 - 2845,AI
D6 - 2846,Human
D6 - 2847,AI
D6 - 2848,Human
D6 - 2849,AI
D6 - 2850,Human
D6 - 2851,AI
D6 - 2852,Human
D6 - 2853,AI
D6 - 2854,Human
D6 - 2855,Human
D6 - 2856,Human
D6 - 2857,AI
D6 - 2858,Human
D6 - 2859,AI
D6 - 2860,Human
D6 - 2861,AI
D6 - 2862,Human
D6 - 2863,AI
D6 - 2864,Human
D6 - 2865,AI
D6 - 2866,Human
D6 - 2867,AI
D6 - 2868,Human
D6 - 2869,Human
D6 - 2870,AI
D6 - 2871,Human
D6 - 2872,AI
D6 - 2873,Human
D6 - 2874,AI
D6 - 2875,Human
D6 - 2876,AI
D6 - 2877,Human
D6 - 2878,AI
D6 - 2879,Human
D6 - 2880,AI
D6 - 2881,Human
D6 - 2882,AI
D6 - 2883,Human
D6 - 2884,AI
D6 - 2885,Human
D6 - 2886,AI
D6 - 2887,Human
D6 - 2888,AI
D6 - 2889,Human
D6 - 2890,AI
D6 - 2891,Human
D6 - 2892,AI
D6 - 2893,Human
D6 - 2894,AI
D6 - 2895,Human
D6 - 2896,AI
D6 - 2897,Human
D6 - 2898,AI
D6 - 2899,Human
D6 - 2900,AI
D6 - 2901,Human
D6 - 2902,AI
D6 - 2903,Human
D6 - 2904,AI
D6 - 2905,Human
D6 - 2906,AI
D6 - 2907,Human
D6 - 2908,AI
D6 - 2909,Human
D6 - 2910,Human
D6 - 2911,AI
D6 - 2912,Human
D6 - 2913,AI
D6 - 2914,Human
D6 - 2915,AI
D6 - 2916,Human
D6 - 2917,AI
D6 - 2918,Human
D6 - 2919,AI
D6 - 2920,Human
D6 - 2921,AI
D6 - 2922,Human
D6 - 2923,AI
D6 - 2924,Human
D6 - 2925,AI
D6 - 2926,Human
D6 - 2927,AI
D6 - 2928,Human
D6 - 2929,AI
D6 - 2930,Human
D6 - 2931,AI
D6 - 2932,Human
D6 - 2933,AI
D6 - 2934,Human
D6 - 2935,AI
D6 - 2936,Human
D6 - 2937,Human
D6 - 2938,AI
D6 - 2939,Human
D6 - 2940,AI
D6 - 2941,Human
D6 - 2942,AI
D6 - 2943,Human
D6 - 2944,AI
D6 - 2945,Human
D6 - 2946,AI
D6 - 2947,Human
D6 - 2948,AI
D6 - 2949,Human
D6 - 2950,AI
D6 - 2951,Human
D6 - 2952,AI
D6 - 2953,Human
D6 - 2954,AI
D6 - 2955,Human
D6 - 2956,AI
D6 - 2957,Human
D6 - 2958,AI
D6 - 2959,Human
D6 - 2960,AI
D6 - 2961,Human
D6 - 2962,AI
D6 - 2963,Human
D6 - 2964,AI
D6 - 2965,Human
D6 - 2966,AI
D6 - 2967,Human
D6 - 2968,AI
D6 - 2969,Human
D6 - 2970,AI
D6 - 2971,Human
D6 - 2972,AI
D6 - 2973,Human
D6 - 2974,AI
D6 - 2975,Human
D6 - 2976,AI
D6 - 2977,Human
D6 - 2978,AI
D6 - 2979,Human
D6 - 2980,AI
D6 - 2981,Human
D6 - 2982,AI
D6 - 2983,Human
D6 - 2984,AI
D6 - 2985,Human
D6 - 2986,AI
D6 - 2987,Human
D6 - 2988,AI
D6 - 2989,Human
D6 - 2990,AI
D6 - 2991,Human
D6 - 2992,AI
D6 - 2993,Human
D6 - 2994,AI
D6 - 2995,Human
D6 - 2996,AI
D6 - 2997,Human
D6 - 2998,AI
D6 - 2999,Human
D6 - 3000,Human
D6 - 3001,AI
D6 - 3002,Human
D6 - 3003,AI
D6 - 3004,Human
D6 - 3005,AI
D6 - 3006,Human
D6 - 3007,AI
D6 - 3008,Human
D6 - 3009,AI
D6 - 3010,Human
D6 - 3011,AI
D6 - 3012,Human
D6 - 3013,AI
D6 - 3014,Human
D6 - 3015,AI
D6 - 3016,Human
D6 - 3017,AI
D6 - 3018,Human
D6 - 3019,AI
D6 - 3020,Human
D6 - 3021,AI
D6 - 3022,Human
D6 - 3023,AI
D6 - 3024,Human
D6 - 3025,AI
D6 - 3026,Human
D6 - 3027,AI
D6 - 3028,Human
D6 - 3029,AI
D6 - 3030,Human
D6 - 3031,AI
D6 - 3032,Human
D6 - 3033,Human
D6 - 3034,Human
D6 - 3035,AI
D6 - 3036,Human
D6 - 3037,AI
D6 - 3038,Human
D6 - 3039,AI
D6 - 3040,Human
D6 - 3041,AI
D6 - 3042,Human
D6 - 3043,AI
D6 - 3044,Human
D6 - 3045,AI
D6 - 3046,Human
D6 - 3047,AI
D6 - 3048,Human
D6 - 3049,Human
D6 - 3050,AI
D6 - 3051,Human
D6 - 3052,AI
D6 - 3053,Human
D6 - 3054,AI
D6 - 3055,Human
D6 - 3056,AI
D6 - 3057,Human
D6 - 3058,AI
D6 - 3059,Human
D6 - 3060,AI
D6 - 3061,Human
D6 - 3062,AI
D6 - 3063,Human
D6 - 3064,AI
D6 - 3065,Human
D6 - 3066,AI
D6 - 3067,Human
D6 - 3068,AI
D6 - 3069,Human
D6 - 3070,Human
D6 - 3071,AI
D6 - 3072,Human
D6 - 3073,AI
D6 - 3074,Human
D6 - 3075,AI
D6 - 3076,Human
D6 - 3077,AI
D6 - 3078,Human
D6 - 3079,AI
D6 - 3080,Human
D6 - 3081,Human
D6 - 3082,AI
D6 - 3083,Human
D6 - 3084,AI
D6 - 3085,Human
D6 - 3086,AI
D6 - 3087,Human
D6 - 3088,AI
D6 - 3089,Human
D6 - 3090,AI
D6 - 3091,Human
D6 - 3092,AI
D6 - 3093,Human
D6 - 3094,AI
D6 - 3095,Human
D6 - 3096,AI
D6 - 3097,Human
D6 - 3098,AI
D6 - 3099,Human
D6 - 3100,AI
D6 - 3101,Human
D6 - 3102,AI
D6 - 3103,Human
D6 - 3104,AI
D6 - 3105,Human
D6 - 3106,AI
D6 - 3107,Human
D6 - 3108,AI
D6 - 3109,Human
D6 - 3110,AI
D6 - 3111,Human
D6 - 3112,Human
D6 - 3113,AI
D6 - 3114,Human
D6 - 3115,AI
D6 - 3116,Human
D6 - 3117,AI
D6 - 3118,Human
D6 - 3119,AI
D6 - 3120,Human
D6 - 3121,AI
D6 - 3122,Human
D6 - 3123,AI
D6 - 3124,Human
D6 - 3125,AI
D6 - 3126,Human
D6 - 3127,AI
D6 - 3128,Human
D6 - 3129,AI
D6 - 3130,Human
D6 - 3131,AI
D6 - 3132,Human
D6 - 3133,AI
D6 - 3134,Human
D6 - 3135,AI
D6 - 3136,Human
D6 - 3137,AI
D6 - 3138,Human
D6 - 3139,AI
D6 - 3140,Human
D6 - 3141,AI
D6 - 3142,Human
D6 - 3143,AI
D6 - 3144,Human
D6 - 3145,AI
D6 - 3146,Human
D6 - 3147,Human
D6 - 3148,AI
D6 - 3149,Human
D6 - 3150,AI
D6 - 3151,Human
D6 - 3152,AI
D6 - 3153,Human
D6 - 3154,AI
D6 - 3155,Human
D6 - 3156,AI
D6 - 3157,Human
D6 - 3158,AI
D6 - 3159,Human
D6 - 3160,AI
D6 - 3161,Human
D6 - 3162,AI
D6 - 3163,Human
D6 - 3164,AI
D6 - 3165,Human
D6 - 3166,AI
D6 - 3167,Human
D6 - 3168,AI
D6 - 3169,Human
D6 - 3170,AI
D6 - 3171,Human
D6 - 3172,AI
D6 - 3173,Human
D6 - 3174,AI
D6 - 3175,Human
D6 - 3176,AI
D6 - 3177,Human
D6 - 3178,AI
D6 - 3179,Human
D6 - 3180,AI
D6 - 3181,Human
D6 - 3182,AI
D6 - 3183,Human
D6 - 3184,AI
D6 - 3185,Human
D6 - 3186,AI
D6 - 3187,Human
D6 - 3188,AI
D6 - 3189,Human
D6 - 3190,AI
D6 - 3191,Human
D6 - 3192,AI
D6 - 3193,Human
D6 - 3194,AI
D6 - 3195,Human
D6 - 3196,AI
D6 - 3197,Human
D6 - 3198,Human
D6 - 3199,AI
D6 - 3200,Human
D6 - 3201,AI
D6 - 3202,Human
D6 - 3203,AI
D6 - 3204,Human
D6 - 3205,AI
D6 - 3206,Human
D6 - 3207,AI
D6 - 3208,Human
D6 - 3209,AI
D6 - 3210,Human
D6 - 3211,AI
D6 - 3212,Human
D6 - 3213,AI
D6 - 3214,Human
D6 - 3215,AI
D6 - 3216,Human
D6 - 3217,AI
D6 - 3218,Human
D6 - 3219,AI
D6 - 3220,Human
D6 - 3221,AI
D6 - 3222,Human
D6 - 3223,AI
D6 - 3224,Human
D6 - 3225,AI
D6 - 3226,Human
D6 - 3227,AI
D6 - 3228,Human
D6 - 3229,AI
D6 - 3230,Human
D6 - 3231,AI
D6 - 3232,Human
D6 - 3233,AI
D6 - 3234,Human
D6 - 3235,AI
D6 - 3236,Human
D6 - 3237,AI
D6 - 3238,Human
D6 - 3239,AI
D6 - 3240,Human
D6 - 3241,AI
D6 - 3242,Human
D6 - 3243,AI
D6 - 3244,Human
D6 - 3245,AI
D6 - 3246,Human
D6 - 3247,AI
D6 - 3248,Human
D6 - 3249,AI
D6 - 3250,Human
D6 - 3251,AI
D6 - 3252,Human
D6 - 3253,AI
D6 - 3254,Human
D6 - 3255,AI
D6 - 3256,Human
D6 - 3257,AI
D6 - 3258,Human
D6 - 3259,Human
D6 - 3260,AI
D6 - 3261,Human
D6 - 3262,AI
D6 - 3263,Human
D6 - 3264,AI
D6 - 3265,Human
D6 - 3266,AI
D6 - 3267,Human
D6 - 3268,AI
D6 - 3269,Human
D6 - 3270,AI
D6 - 3271,Human
D6 - 3272,Human
D6 - 3273,AI
D6 - 3274,Human
D6 - 3275,AI
D6 - 3276,Human
D6 - 3277,AI
D6 - 3278,Human
D6 - 3279,AI
D6 - 3280,Human
D6 - 3281,AI
D6 - 3282,Human
D6 - 3283,AI
D6 - 3284,Human
D6 - 3285,AI
D6 - 3286,Human
D6 - 3287,AI
D6 - 3288,Human
D6 - 3289,AI
D6 - 3290,Human
D6 - 3291,AI
D6 - 3292,Human
D6 - 3293,AI
D6 - 3294,Human
D6 - 3295,AI
D6 - 3296,Human
D6 - 3297,AI
D6 - 3298,Human
D6 - 3299,AI
D6 - 3300,Human
D6 - 3301,AI
D6 - 3302,Human
D6 - 3303,AI
D6 - 3304,Human
D6 - 3305,AI
D6 - 3306,Human
D6 - 3307,AI
D6 - 3308,Human
D6 - 3309,AI
D6 - 3310,Human
D6 - 3311,AI
D6 - 3312,Human
D6 - 3313,AI
D6 - 3314,Human
D6 - 3315,AI
D6 - 3316,Human
D6 - 3317,AI
D6 - 3318,Human
D6 - 3319,AI
D6 - 3320,Human
D6 - 3321,AI
D6 - 3322,Human
D6 - 3323,AI
D6 - 3324,Human
D6 - 3325,AI
D6 - 3326,Human
D6 - 3327,AI
D6 - 3328,Human
D6 - 3329,Human
D6 - 3330,AI
D6 - 3331,Human
D6 - 3332,AI
D6 - 3333,Human
D6 - 3334,AI
D6 - 3335,Human
D6 - 3336,AI
D6 - 3337,Human
D6 - 3338,AI
D6 - 3339,Human
D6 - 3340,Human
D6 - 3341,AI
D6 - 3342,Human
D6 - 3343,AI
D6 - 3344,Human
D6 - 3345,AI
D6 - 3346,Human
D6 - 3347,AI
D6 - 3348,Human
D6 - 3349,AI
D6 - 3350,Human
D6 - 3351,AI
D6 - 3352,Human
D6 - 3353,AI
D6 - 3354,Human
D6 - 3355,AI
D6 - 3356,Human
D6 - 3357,AI
D6 - 3358,Human
D6 - 3359,AI
D6 - 3360,Human
D6 - 3361,AI
D6 - 3362,Human
D6 - 3363,AI
D6 - 3364,Human
D6 - 3365,AI
D6 - 3366,Human
D6 - 3367,AI
D6 - 3368,Human
D6 - 3369,AI
D6 - 3370,Human
D6 - 3371,AI
D6 - 3372,Human
D6 - 3373,AI
D6 - 3374,Human
D6 - 3375,AI
D6 - 3376,Human
D6 - 3377,AI
D6 - 3378,Human
D6 - 3379,AI
D6 - 3380,Human
D6 - 3381,Human
D6 - 3382,AI
D6 - 3383,Human
D6 - 3384,AI
D6 - 3385,Human
D6 - 3386,AI
D6 - 3387,Human
D6 - 3388,AI
D6 - 3389,Human
D6 - 3390,AI
D6 - 3391,Human
D6 - 3392,AI
D6 - 3393,Human
D6 - 3394,AI
D6 - 3395,Human
D6 - 3396,AI
D6 - 3397,Human
D6 - 3398,AI
D6 - 3399,Human
D6 - 3400,AI
D6 - 3401,Human
D6 - 3402,AI
D6 - 3403,Human
D6 - 3404,AI
D6 - 3405,Human
D6 - 3406,AI
D6 - 3407,Human
D6 - 3408,AI
D6 - 3409,Human
D6 - 3410,AI
D6 - 3411,Human
D6 - 3412,AI
D6 - 3413,Human
D6 - 3414,AI
D6 - 3415,Human
D6 - 3416,AI
D6 - 3417,Human
D6 - 3418,AI
D6 - 3419,Human
D6 - 3420,Human
D6 - 3421,AI
D6 - 3422,Human
D6 - 3423,AI
D6 - 3424,Human
D6 - 3425,AI
D6 - 3426,Human
D6 - 3427,AI
D6 - 3428,Human
D6 - 3429,AI
D6 - 3430,Human
D6 - 3431,AI
D6 - 3432,Human
D6 - 3433,AI
D6 - 3434,Human
D6 - 3435,AI
D6 - 3436,Human
D6 - 3437,AI
D6 - 3438,Human
D6 - 3439,AI
D6 - 3440,Human
D6 - 3441,AI
D6 - 3442,Human
D6 - 3443,AI
D6 - 3444,Human
D6 - 3445,AI
D6 - 3446,Human
D6 - 3447,AI
D6 - 3448,Human
D6 - 3449,AI
D6 - 3450,Human
D6 - 3451,AI
D6 - 3452,Human
D6 - 3453,AI
D6 - 3454,Human
D6 - 3455,AI
D6 - 3456,Human
D6 - 3457,AI
D6 - 3458,Human
D6 - 3459,AI
D6 - 3460,Human
D6 - 3461,AI
D6 - 3462,Human
D6 - 3463,AI
D6 - 3464,Human
D6 - 3465,AI
D6 - 3466,Human
D6 - 3467,Human
D6 - 3468,AI
D6 - 3469,Human
D6 - 3470,AI
D6 - 3471,Human
D6 - 3472,AI
D6 - 3473,Human
D6 - 3474,AI
D6 - 3475,Human
D6 - 3476,AI
D6 - 3477,Human
D6 - 3478,AI
D6 - 3479,Human
D6 - 3480,AI
D6 - 3481,Human
D6 - 3482,AI
D6 - 3483,Human
D6 - 3484,AI
D6 - 3485,Human
D6 - 3486,AI
D6 - 3487,Human
D6 - 3488,AI
D6 - 3489,Human
D6 - 3490,AI
D6 - 3491,Human
D6 - 3492,AI
D6 - 3493,Human
D6 - 3494,AI
D6 - 3495,Human
D6 - 3496,AI
D6 - 3497,Human
D6 - 3498,AI
D6 - 3499,Human
D6 - 3500,AI
D6 - 3501,Human
D6 - 3502,AI
D6 - 3503,Human
D6 - 3504,AI
D6 - 3505,Human
D6 - 3506,AI
D6 - 3507,Human
D6 - 3508,AI
D6 - 3509,Human
D6 - 3510,AI
D6 - 3511,Human
D6 - 3512,AI
D6 - 3513,Human
D6 - 3514,AI
D6 - 3515,Human
D6 - 3516,AI
D6 - 3517,Human
D6 - 3518,AI
D6 - 3519,Human
D6 - 3520,AI
D6 - 3521,Human
D6 - 3522,AI
D6 - 3523,Human
D6 - 3524,AI
D6 - 3525,Human
D6 - 3526,AI
D6 - 3527,Human
D6 - 3528,AI
D6 - 3529,Human
D6 - 3530,AI
D6 - 3531,Human
D6 - 3532,AI
D6 - 3533,Human
D6 - 3534,AI
D6 - 3535,Human
D6 - 3536,AI
D6 - 3537,Human
D6 - 3538,AI
D6 - 3539,Human
D6 - 3540,AI
D6 - 3541,Human
D6 - 3542,AI
D6 - 3543,Human
D6 - 3544,AI
D6 - 3545,Human
D6 - 3546,AI
D6 - 3547,Human
D6 - 3548,AI
D6 - 3549,Human
D6 - 3550,AI
D6 - 3551,Human
D6 - 3552,AI
D6 - 3553,Human
D6 - 3554,AI
D6 - 3555,Human
D6 - 3556,AI
D6 - 3557,Human
D6 - 3558,AI
D6 - 3559,Human
D6 - 3560,AI
D6 - 3561,Human
D6 - 3562,AI
D6 - 3563,Human
D6 - 3564,AI
D6 - 3565,Human
D6 - 3566,AI
D6 - 3567,Human
D6 - 3568,AI
D6 - 3569,Human
D6 - 3570,AI
D6 - 3571,Human
D6 - 3572,AI
D6 - 3573,Human
D6 - 3574,AI
D6 - 3575,Human
D6 - 3576,Human
D6 - 3577,AI
D6 - 3578,Human
D6 - 3579,AI
D6 - 3580,Human
D6 - 3581,Human
D6 - 3582,AI
D6 - 3583,Human
D6 - 3584,AI
D6 - 3585,Human
D6 - 3586,AI
D6 - 3587,Human
D6 - 3588,AI
D6 - 3589,Human
D6 - 3590,AI
D6 - 3591,Human
D6 - 3592,AI
D6 - 3593,Human
D6 - 3594,AI
D6 - 3595,Human
D6 - 3596,AI
D6 - 3597,Human
D6 - 3598,AI
D6 - 3599,Human
D6 - 3600,AI
D6 - 3601,Human
D6 - 3602,AI
D6 - 3603,Human
D6 - 3604,AI
D6 - 3605,Human
D6 - 3606,AI
D6 - 3607,Human
D6 - 3608,AI
D6 - 3609,Human
D6 - 3610,AI
D6 - 3611,Human
D6 - 3612,AI
D6 - 3613,Human
D6 - 3614,AI
D6 - 3615,Human
D6 - 3616,AI
D6 - 3617,Human
D6 - 3618,AI
D6 - 3619,Human
D6 - 3620,AI
D6 - 3621,Human
D6 - 3622,AI
D6 - 3623,Human
D6 - 3624,AI
D6 - 3625,Human
D6 - 3626,AI
D6 - 3627,Human
D6 - 3628,AI
D6 - 3629,Human
D6 - 3630,Human
D6 - 3631,AI
D6 - 3632,Human
D6 - 3633,Human
D6 - 3634,Human
D6 - 3635,AI
D6 - 3636,Human
D6 - 3637,AI
D6 - 3638,Human
D6 - 3639,AI
D6 - 3640,Human
D6 - 3641,AI
D6 - 3642,Human
D6 - 3643,AI
D6 - 3644,Human
D6 - 3645,AI
D6 - 3646,Human
D6 - 3647,AI
D6 - 3648,Human
D6 - 3649,AI
D6 - 3650,Human
D6 - 3651,AI
D6 - 3652,Human
D6 - 3653,AI
D6 - 3654,Human
D6 - 3655,AI
D6 - 3656,Human
D6 - 3657,AI
D6 - 3658,Human
D6 - 3659,AI
D6 - 3660,Human
D6 - 3661,AI
D6 - 3662,Human
D6 - 3663,Human
D6 - 3664,AI
D6 - 3665,Human
D6 - 3666,AI
D6 - 3667,Human
D6 - 3668,AI
D6 - 3669,Human
D6 - 3670,AI
D6 - 3671,Human
D6 - 3672,AI
D6 - 3673,Human
D6 - 3674,AI
D6 - 3675,Human
D6 - 3676,AI
D6 - 3677,Human
D6 - 3678,AI
D6 - 3679,Human
D6 - 3680,AI
D6 - 3681,Human
D6 - 3682,AI
D6 - 3683,Human
D6 - 3684,AI
D6 - 3685,Human
D6 - 3686,AI
D6 - 3687,Human
D6 - 3688,AI
D6 - 3689,Human
D6 - 3690,AI
D6 - 3691,Human
D6 - 3692,AI
D6 - 3693,Human
D6 - 3694,AI
D6 - 3695,Human
D6 - 3696,AI
D6 - 3697,Human
D6 - 3698,AI
D6 - 3699,Human
D6 - 3700,Human
D6 - 3701,AI
D6 - 3702,Human
D6 - 3703,AI
D6 - 3704,Human
D6 - 3705,AI
D6 - 3706,Human
D6 - 3707,AI
D6 - 3708,Human
D6 - 3709,AI
D6 - 3710,Human
D6 - 3711,AI
D6 - 3712,Human
D6 - 3713,AI
D6 - 3714,Human
D6 - 3715,AI
D6 - 3716,Human
D6 - 3717,AI
D6 - 3718,Human
D6 - 3719,AI
D6 - 3720,Human
D6 - 3721,AI
D6 - 3722,Human
D6 - 3723,AI
D6 - 3724,Human
D6 - 3725,AI
D6 - 3726,Human
D6 - 3727,AI
D6 - 3728,Human
D6 - 3729,AI
D6 - 3730,Human
D6 - 3731,AI
D6 - 3732,Human
D6 - 3733,AI
D6 - 3734,Human
D6 - 3735,AI
D6 - 3736,Human
D6 - 3737,AI
D6 - 3738,Human
D6 - 3739,AI
D6 - 3740,Human
D6 - 3741,AI
D6 - 3742,Human
D6 - 3743,AI
D6 - 3744,Human
D6 - 3745,AI
D6 - 3746,Human
D6 - 3747,AI
D6 - 3748,Human
D6 - 3749,AI
D6 - 3750,Human
D6 - 3751,AI
D6 - 3752,Human
D6 - 3753,AI
D6 - 3754,Human
D6 - 3755,AI
D6 - 3756,Human
D6 - 3757,AI
D6 - 3758,Human
D6 - 3759,AI
D6 - 3760,Human
D6 - 3761,AI
D6 - 3762,Human
D6 - 3763,AI
D6 - 3764,Human
D6 - 3765,AI
D6 - 3766,Human
D6 - 3767,AI
D6 - 3768,Human
D6 - 3769,AI
D6 - 3770,Human
D6 - 3771,AI
D6 - 3772,Human
D6 - 3773,AI
D6 - 3774,Human
D6 - 3775,AI
D6 - 3776,Human
D6 - 3777,AI
D6 - 3778,Human
D6 - 3779,AI
D6 - 3780,Human
D6 - 3781,AI
D6 - 3782,Human
D6 - 3783,AI
D6 - 3784,Human
D6 - 3785,AI
D6 - 3786,Human
D6 - 3787,AI
D6 - 3788,Human
D6 - 3789,AI
D6 - 3790,Human
D6 - 3791,AI
D6 - 3792,Human
D6 - 3793,AI
D6 - 3794,Human
D6 - 3795,AI
D6 - 3796,Human
D6 - 3797,AI
D6 - 3798,Human
D6 - 3799,AI
D6 - 3800,Human
D6 - 3801,AI
D6 - 3802,Human
D6 - 3803,AI
D6 - 3804,Human
D6 - 3805,AI
D6 - 3806,Human
D6 - 3807,AI
D6 - 3808,Human
D6 - 3809,AI
D6 - 3810,Human
D6 - 3811,AI
D6 - 3812,Human
D6 - 3813,AI
D6 - 3814,Human
D6 - 3815,AI
D6 - 3816,Human
D6 - 3817,AI
D6 - 3818,Human
D6 - 3819,AI
D6 - 3820,Human
D6 - 3821,AI
D6 - 3822,Human
D6 - 3823,AI
D6 - 3824,Human
D6 - 3825,AI
D6 - 3826,Human
D6 - 3827,AI
D6 - 3828,Human
D6 - 3829,AI
D6 - 3830,Human
D6 - 3831,AI
D6 - 3832,Human
D6 - 3833,AI
D6 - 3834,Human
D6 - 3835,AI
D6 - 3836,Human
D6 - 3837,AI
D6 - 3838,Human
D6 - 3839,AI
D6 - 3840,Human
D6 - 3841,AI
D6 - 3842,Human
D6 - 3843,AI
D6 - 3844,Human
D6 - 3845,AI
D6 - 3846,Human
D6 - 3847,AI
D6 - 3848,Human
D6 - 3849,AI
D6 - 3850,Human
D6 - 3851,Human
D6 - 3852,AI
D6 - 3853,Human
D6 - 3854,AI
D6 - 3855,Human
D6 - 3856,AI
D6 - 3857,Human
D6 - 3858,AI
D6 - 3859,Human
D6 - 3860,AI
D6 - 3861,Human
D6 - 3862,AI
D6 - 3863,Human
D6 - 3864,AI
D6 - 3865,Human
D6 - 3866,AI
D6 - 3867,Human
D6 - 3868,AI
D6 - 3869,Human
D6 - 3870,AI
D6 - 3871,Human
D6 - 3872,AI
D6 - 3873,Human
D6 - 3874,AI
D6 - 3875,Human
D6 - 3876,AI
D6 - 3877,Human
D6 - 3878,AI
D6 - 3879,Human
D6 - 3880,AI
D6 - 3881,Human
D6 - 3882,AI
D6 - 3883,Human
D6 - 3884,Human
D6 - 3885,AI
D6 - 3886,Human
D6 - 3887,AI
D6 - 3888,Human
D6 - 3889,AI
D6 - 3890,Human
D6 - 3891,AI
D6 - 3892,Human
D6 - 3893,AI
D6 - 3894,Human
D6 - 3895,AI
D6 - 3896,Human
D6 - 3897,AI
D6 - 3898,Human
D6 - 3899,Human
D6 - 3900,AI
D6 - 3901,Human
D6 - 3902,AI
D6 - 3903,Human
D6 - 3904,AI
D6 - 3905,Human
D6 - 3906,AI
D6 - 3907,Human
D6 - 3908,AI
D6 - 3909,Human
D6 - 3910,AI
D6 - 3911,Human
D6 - 3912,AI
D6 - 3913,Human
D6 - 3914,AI
D6 - 3915,Human
D6 - 3916,AI
D6 - 3917,Human
D6 - 3918,AI
D6 - 3919,Human
D6 - 3920,AI
D6 - 3921,Human
D6 - 3922,AI
D6 - 3923,Human
D6 - 3924,AI
D6 - 3925,Human
D6 - 3926,AI
D6 - 3927,Human
D6 - 3928,AI
D6 - 3929,Human
D6 - 3930,AI
D6 - 3931,Human
D6 - 3932,AI
D6 - 3933,Human
D6 - 3934,AI
D6 - 3935,Human
D6 - 3936,AI
D6 - 3937,Human
D6 - 3938,AI
D6 - 3939,Human
D6 - 3940,AI
D6 - 3941,Human
D6 - 3942,Human
D6 - 3943,AI
D6 - 3944,Human
D6 - 3945,Human
D6 - 3946,AI
D6 - 3947,Human
D6 - 3948,AI
D6 - 3949,Human
D6 - 3950,AI
D6 - 3951,Human
D6 - 3952,AI
D6 - 3953,Human
D6 - 3954,AI
D6 - 3955,Human
D6 - 3956,AI
D6 - 3957,Human
D6 - 3958,AI
D6 - 3959,Human
D6 - 3960,AI
D6 - 3961,Human
D6 - 3962,AI
D6 - 3963,Human
D6 - 3964,AI
D6 - 3965,Human
D6 - 3966,AI
D6 - 3967,Human
D6 - 3968,AI
D6 - 3969,Human
D6 - 3970,AI
D6 - 3971,Human
D6 - 3972,AI
D6 - 3973,Human
D6 - 3974,AI
D6 - 3975,Human
D6 - 3976,AI
D6 - 3977,Human
D6 - 3978,AI
D6 - 3979,Human
D6 - 3980,AI
D6 - 3981,Human
D6 - 3982,AI
D6 - 3983,Human
D6 - 3984,AI
D6 - 3985,Human
D6 - 3986,AI
D6 - 3987,Human
D6 - 3988,AI
D6 - 3989,Human
D6 - 3990,AI
D6 - 3991,Human
D6 - 3992,AI
D6 - 3993,Human
D6 - 3994,AI
D6 - 3995,Human
D6 - 3996,Human
D6 - 3997,AI
D6 - 3998,Human
D6 - 3999,AI
D6 - 4000,Human
D6 - 4001,AI
D6 - 4002,Human
D6 - 4003,AI
D6 - 4004,Human
D6 - 4005,AI
D6 - 4006,Human
D6 - 4007,AI
D6 - 4008,Human
D6 - 4009,AI
D6 - 4010,Human
D6 - 4011,AI
D6 - 4012,Human
D6 - 4013,AI
D6 - 4014,Human
D6 - 4015,AI
D6 - 4016,Human
D6 - 4017,AI
D6 - 4018,Human
D6 - 4019,AI
D6 - 4020,Human
D6 - 4021,AI
D6 - 4022,Human
D6 - 4023,AI
D6 - 4024,Human
D6 - 4025,AI
D6 - 4026,Human
D6 - 4027,AI
D6 - 4028,Human
D6 - 4029,AI
D6 - 4030,Human
D6 - 4031,AI
D6 - 4032,Human
D6 - 4033,AI
D6 - 4034,Human
D6 - 4035,AI
D6 - 4036,Human
D6 - 4037,AI
D6 - 4038,Human
D6 - 4039,AI
D6 - 4040,Human
D6 - 4041,AI
D6 - 4042,Human
D6 - 4043,AI
D6 - 4044,Human
D6 - 4045,AI
D6 - 4046,Human
D6 - 4047,AI
D6 - 4048,Human
D6 - 4049,AI
D6 - 4050,Human
D6 - 4051,AI
D6 - 4052,Human
D6 - 4053,AI
D6 - 4054,Human
D6 - 4055,AI
D6 - 4056,Human
D6 - 4057,AI
