ID,Text
D5 - 1,y r u always l8 to the meetings?
D5 - 2,The project team embraced a user-centric design approach for product development.
D5 - 3,"i dont like dealing with risks, it's too stressful"
D5 - 4,"i dont worry about reliability, it's good enough"
D5 - 5,"i dont care about human-centered design, just give me the final product"
D5 - 6,The study's methodology ensured a representative sample across demographics.
D5 - 7,"i dont care about industry practices, just give me the solution"
D5 - 8,The project team documented all processes for transparency.
D5 - 9,The project team maintained open lines of communication.
D5 - 10,The findings are consistent with existing theoretical frameworks.
D5 - 11,"i dont like inclusive decision-making, it's too slow"
D5 - 12,The results are presented in a logically organized manner.
D5 - 13,The research findings have practical implications for industry professionals.
D5 - 14,"i dont talk about limitations, it makes me look bad"
D5 - 15,The research methodology incorporated a multi-method approach for comprehensive data.
D5 - 16,"i dont care about participant responses, just give me the data"
D5 - 17,"The study's limitations are openly acknowledged, recognizing study boundaries."
D5 - 18,"The study's limitations are openly discussed, recognizing potential shortcomings."
D5 - 19,"i dont like solving problems, it's too much effort"
D5 - 20,"i dont care about skill development, it's irrelevant"
D5 - 21,The research findings contribute to the theoretical foundation of the field.
D5 - 22,The project team maintained a collaborative and inclusive decision-making process.
D5 - 23,"i dont worry about bias, it's unavoidable"
D5 - 24,"i prefer working alone, teamwork is too complicated"
D5 - 25,The study of behavioral economics examines the psychological factors influencing economic decisions.
D5 - 26,lol ur jokes r so lame
D5 - 27,The project team prioritized transparent communication with stakeholders.
D5 - 28,"In environmental science, the impact of deforestation on biodiversity is a critical concern."
D5 - 29,The research design accounts for potential confounding variables.
D5 - 30,"In the field of robotics, biomimicry leads to the development of more efficient robots."
D5 - 31,"i dont like solving problems, it's too much effort"
D5 - 32,"i dont talk about limitations, it makes me look bad"
D5 - 33,The project team adhered to the project timeline.
D5 - 34,"i dont worry about accuracy, it's good enough"
D5 - 35,It's important to cite sources properly in academic writing.
D5 - 36,The project team utilized feedback to enhance the project deliverables.
D5 - 37,"i dont care about psychological factors, just give me the data"
D5 - 38,"The study's limitations are openly discussed, addressing potential biases."
D5 - 39,"i dont understand machine learning, just give me the conclusion"
D5 - 40,The project team displayed creativity in problem-solving.
D5 - 41,The project team maintained a high level of accuracy in data entry.
D5 - 42,"i dont like continuous feedback, it's too repetitive"
D5 - 43,"The study's limitations are transparently presented, acknowledging potential challenges."
D5 - 44,"i dont like open communication, it's too time-consuming"
D5 - 45,"i dont care about internal validity, it's too technical"
D5 - 46,"i prefer to follow, leadership is too much responsibility"
D5 - 47,"In automotive design, aerodynamics play a crucial role in improving fuel efficiency."
D5 - 48,ur not gonna believe what happened in class today
D5 - 49,y r u always l8 to the meetings?
D5 - 50,The results are presented in a visually appealing and clear manner.
D5 - 51,The research methodology ensures data validity through robust statistical checks.
D5 - 52,The analysis revealed statistically significant correlations.
D5 - 53,The project team exhibited a high level of professionalism.
D5 - 54,"i dont pay attention to details, they slow me down"
D5 - 55,"i dont like collaborative knowledge-sharing, it's too time-consuming"
D5 - 56,"i dont care about biofuels, just give me the data"
D5 - 57,"i dont care about response rates, its not important"
D5 - 58,The automotive industry is exploring self-driving technology for safer transportation.
D5 - 59,The analysis considered potential correlations between variables for deeper understanding.
D5 - 60,The research design accounts for potential bias in data collection.
D5 - 61,"i dont need real-world problems, just give me the solution"
D5 - 62,The analysis employed rigorous statistical controls for data accuracy.
D5 - 63,"i collect data randomly, it's faster"
D5 - 64,The study's methodology minimizes the potential for sampling bias.
D5 - 65,"i dont like talking to people, communication is overrated"
D5 - 66,"i dont worry about reliability, it's good enough"
D5 - 67,The research methodology ensures the reliability of the study.
D5 - 68,"i dont care about CRISPR technology, just give me the data"
D5 - 69,This is a well-structured sentence.
D5 - 70,The project team utilized data encryption techniques to ensure participant privacy.
D5 - 71,u know wat im talkin abt right?
D5 - 72,"i dont worry about accuracy, it's good enough"
D5 - 73,"i dont talk about limitations, it makes me look bad"
D5 - 74,"i dont like data visualization, it's unnecessary"
D5 - 75,"i dont have time to consider alternatives, just tell me what to do"
D5 - 76,The project team maintained an agile mindset for adaptability to changing requirements.
D5 - 77,The analysis employed machine learning algorithms for predictive modeling accuracy.
D5 - 78,The project team utilized industry best practices for quality assurance.
D5 - 79,The data analysis revealed statistically significant correlations.
D5 - 80,"I'm gonna skip class today, who cares?"
D5 - 81,"I dont like deadlines, they stress me out"
D5 - 82,"i dont like cloud-based tools, they're too complex"
D5 - 83,"i dont like agile approaches, they're too unpredictable"
D5 - 84,The study of psychology sheds light on the complexities of human behavior and cognition.
D5 - 85,"i dont like dealing with risks, it's too stressful"
D5 - 86,The survey instrument underwent rigorous validation procedures.
D5 - 87,Machine learning algorithms have various applications.
D5 - 88,The research methodology ensured participant anonymity and confidentiality.
D5 - 89,"i dont validate surveys, it takes too much time"
D5 - 90,"i dont need to read the conclusion, just tell me the answer"
D5 - 91,The data analysis revealed statistically significant correlations.
D5 - 92,The project team maintained a positive team dynamic throughout.
D5 - 93,The project team maintained open communication throughout.
D5 - 94,The project team demonstrated adaptability in changing circumstances.
D5 - 95,The project team maintained open communication throughout.
D5 - 96,The survey questions were carefully crafted for reliability.
D5 - 97,The findings contribute to evidence-based practices in the relevant field.
D5 - 98,The project team exhibited adaptability in changing circumstances.
D5 - 99,The findings contribute to evidence-based decision-making in practical settings.
D5 - 100,The research question is designed to address gaps in existing theoretical frameworks.
D5 - 101,The research design accounted for variations in participant demographics.
D5 - 102,"i dont validate data, it's a waste of time"
D5 - 103,"i dont understand advanced statistics, just give me the conclusion"
D5 - 104,The project team maintained consistent and transparent communication with clients.
D5 - 105,The project team maintained regular retrospectives for process improvement.
D5 - 106,The theoretical framework provides a conceptual basis for the study.
D5 - 107,The project team efficiently managed project resources.
D5 - 108,"i prefer to follow, leadership is too much responsibility"
D5 - 109,The project team displayed creativity in problem-solving.
D5 - 110,The research findings are applicable to real-world scenarios.
D5 - 111,"i dont care about quantum entanglement, just get the job done"
D5 - 112,"i dont care about bias, just give me the conclusion"
D5 - 113,The literature review provides a comprehensive overview.
D5 - 114,"The survey response rate was high, ensuring data validity."
D5 - 115,"i dont care about employee well-being, just get the work done"
D5 - 116,The professor's lectures are informative and engaging.
D5 - 117,"i dont care about 3D printing, just give me the results"
D5 - 118,The analysis includes robust statistical tests for data validation.
D5 - 119,The project team prioritized cross-functional training to enhance skill sets.
D5 - 120,The project team maintained an open feedback culture for continuous improvement.
D5 - 121,"i prefer working alone, teamwork is too complicated"
D5 - 122,"i prefer working alone, collaboration is too complicated"
D5 - 123,"i dont care about internal validity, it's too technical"
D5 - 124,"i dont care about bias, it's unavoidable"
D5 - 125,The research methodology considered the ethical implications of data collection.
D5 - 126,"i dont like inclusive decision-making, it's too slow"
D5 - 127,"Augmented reality is enhancing user experiences in various fields, from education to healthcare."
D5 - 128,The data analysis revealed unexpected patterns in the data.
D5 - 129,"i dont care about industry trends, they change too quickly"
D5 - 130,The analysis includes robust statistical tests for data validation.
D5 - 131,The integration of renewable energy grids is a key step toward sustainable power systems.
D5 - 132,"Thx for ur help, it was gr8"
D5 - 133,"i dont care about industry trends, they change too quickly"
D5 - 134,The project team embraced an iterative development process for product enhancement.
D5 - 135,The project team demonstrated strong leadership skills.
D5 - 136,"i dont care about hydrogen fuel cells, just give me the data"
D5 - 137,"i dont get y we have to control for variables, its too much work"
D5 - 138,"i dont care about internal validity, it's too technical"
D5 - 139,The team successfully implemented the new software.
D5 - 140,"The study's limitations are openly discussed, acknowledging potential biases."
D5 - 141,The research methodology ensured participant anonymity through coded identifiers.
D5 - 142,"i dont care about professional development, it's irrelevant"
D5 - 143,"i dont care about users, just give me the final product"
D5 - 144,The research aligns with current trends in the industry.
D5 - 145,The project team prioritized user feedback for product improvement.
D5 - 146,The study's limitations are acknowledged with humility.
D5 - 147,"i dont care about user-centric design, just give me the final product"
D5 - 148,"i dont care about diversity and inclusion, just get the job done"
D5 - 149,"i didnt read the assignment, can u give me a summary?"
D5 - 150,"i dont see the point of context, just give me the answer"
D5 - 151,This research significantly advances our understanding of the topic.
D5 - 152,"i dont see the point of research questions, just do the work"
D5 - 153,The analysis considered potential cultural biases in data interpretation.
D5 - 154,"i dont need novel insights, just practical solutions"
D5 - 155,"i dont see the point of research questions, just do the work"
D5 - 156,"i dont care about controls, just give me the results"
D5 - 157,The project team demonstrated attention to detail in every phase.
D5 - 158,"i dont see the point of objectives, just give me the answer"
D5 - 159,The data collection process was systematic and thorough.
D5 - 160,"i dont care about user feedback, they dont know what they want"
D5 - 161,"i dont like using technology, it's confusing"
D5 - 162,"i dont worry about external validity, it's too technical"
D5 - 163,The data collection process was systematic and thorough.
D5 - 164,"i dont worry about bias, it's unavoidable"
D5 - 165,The survey instrument underwent rigorous validation procedures.
D5 - 166,"i dont like clear documentation, it's too repetitive"
D5 - 167,"i dont care about participant biases, just give me the results"
D5 - 168,"i dont pay attention to details, they slow me down"
D5 - 169,The project team utilized iterative development for continuous improvement.
D5 - 170,The findings provide practical implications for real-world applications.
D5 - 171,"i dont like theory, just give me what works"
D5 - 172,"Virtual reality is revolutionizing the gaming industry, providing immersive experiences."
D5 - 173,The findings contribute to the ongoing discourse within the academic community.
D5 - 174,The data collection process was systematic and thorough.
D5 - 175,"i dont see the point of research questions, just do the work"
D5 - 176,The data analysis employed advanced statistical techniques for accurate interpretation.
D5 - 177,"i dont care about physics, it's too complicated"
D5 - 178,The project team embraced an agile project management approach for flexibility.
D5 - 179,The project team maintained transparency in reporting progress to stakeholders.
D5 - 180,"i dont like communicating, it's a waste of time"
D5 - 181,The research findings are generalizable to a broader population.
D5 - 182,"i dont understand methodologies, just get it done"
D5 - 183,"i dont see the point of research questions, just do the work"
D5 - 184,"i dont like retrospectives, they're too time-consuming"
D5 - 185,"i avoid conflicts, they stress me out"
D5 - 186,"i dont like flexible timelines, it's too unpredictable"
D5 - 187,"i dont like managing expectations, it's too much responsibility"
D5 - 188,"i dont know how to write an abstract, can u do it for me?"
D5 - 189,"i dont care about organization, just give me the numbers"
D5 - 190,"i dont talk about limitations, it makes me look bad"
D5 - 191,"i dont care about visuals, just give me the numbers"
D5 - 192,"i prefer working alone, teamwork is too complicated"
D5 - 193,"i dont care about psychology, just give me the results"
D5 - 194,"i dont care about bias, data is data"
D5 - 195,The project team demonstrated attention to detail in every phase.
D5 - 196,The project team demonstrated adaptability in response to client feedback.
D5 - 197,The project team maintained a proactive approach to team conflict resolution.
D5 - 198,"i dont care about systematic bias, just give me the conclusion"
D5 - 199,The research question is framed to address current challenges in the field.
D5 - 200,"i dont need practical applications, just give me the theory"
D5 - 201,The research design ensures data reliability through consistent measurement protocols.
D5 - 202,"i dont care about ongoing discourse, it's too academic"
D5 - 203,The discussion section interprets the findings in context.
D5 - 204,"i dont like documenting processes, it's too tedious"
D5 - 205,The project team prioritized user feedback for product improvement.
D5 - 206,"i dont need practical issues, just give me the solution"
D5 - 207,"i dont worry about reliability, it's good enough"
D5 - 208,"i dont talk about limitations, it makes me look bad"
D5 - 209,"i dont care about implications, just give me the results"
D5 - 210,why do we even have to write papers?
D5 - 211,"i dont care about coding standards, my code works"
D5 - 212,"i dont like theory, just give me what works"
D5 - 213,"i dont need practical implications, just tell me what to do"
D5 - 214,The study's design considers ethical considerations in data collection.
D5 - 215,The project team maintained a clear and concise project communication strategy.
D5 - 216,The study's limitations are transparently acknowledged in the discussion.
D5 - 217,"i dont pay attention to details, they slow me down"
D5 - 218,"i dont talk about limitations, it makes me look bad"
D5 - 219,"i dont care about environmental factors, just give me the data"
D5 - 220,"i dont like inclusive decision-making, it's too slow"
D5 - 221,"i dont care about academic dialogue, it's too theoretical"
D5 - 222,"i dont have time for step-by-step guides, just tell me the answer"
D5 - 223,"i dont like clear reporting, it's too repetitive"
D5 - 224,"i dont care about biases, just give me the conclusion"
D5 - 225,"i dont like transparent communication, it's too vulnerable"
D5 - 226,The discussion section explores alternative interpretations.
D5 - 227,"In materials science, the discovery of new superconductors holds promise for various applications."
D5 - 228,The research design minimizes the risk of internal validity threats.
D5 - 229,The research question is situated within a broader context.
D5 - 230,"i dont like dealing with risks, it's too stressful"
D5 - 231,"i dont like communicating, it's a waste of time"
D5 - 232,"i avoid conflicts, they stress me out"
D5 - 233,The study's findings contribute to the ongoing discourse in the field.
D5 - 234,"i dont worry about reliability, it's good enough"
D5 - 235,I dont understand y we have to do group projects
D5 - 236,"i dont care about biases, just give me the conclusion"
D5 - 237,"i dont worry about accuracy, it's good enough"
D5 - 238,"i dont like theory, just give me what works"
D5 - 239,The findings have practical implications for real-world applications.
D5 - 240,"i dont like reading, it's a waste of time"
D5 - 241,The project team leveraged technology to streamline project processes.
D5 - 242,The project team maintained a proactive approach to problem identification.
D5 - 243,i dont think exams r a good way to evaluate
D5 - 244,Programming languages play a crucial role in software development.
D5 - 245,The research question is situated within a broader context.
D5 - 246,"i dont like communicating goals, it's a waste of time"
D5 - 247,"i dont see the point of professionalism, it's overrated"
D5 - 248,"i dont care about external factors, just give me the main results"
D5 - 249,"i dont understand statistics, just give me the answer"
D5 - 250,The analysis considered the correlation between social media usage and mental health.
D5 - 251,The findings contribute to the ongoing discourse within the academic community.
D5 - 252,The data analysis revealed unexpected patterns in the data.
D5 - 253,The study's methodology utilized a mixed-methods approach for comprehensive insights.
D5 - 254,Artificial Intelligence is a fascinating field.
D5 - 255,"i dont care about marine biology, just give me the results"
D5 - 256,"i dont need practical implications, just tell me what to do"
D5 - 257,"i dont need real-world problems, just give me the solution"
D5 - 258,The project team embraced a collaborative approach to problem-solving.
D5 - 259,The integration of artificial intelligence in healthcare enhances diagnostics and treatment.
D5 - 260,The coding standards were followed in the software development.
D5 - 261,"i dont manage resources, it's too much effort"
D5 - 262,"i dont see the point of research questions, just do the work"
D5 - 263,The research question examined the effectiveness of personalized learning in education.
D5 - 264,"i dont care about mixed-methods approaches, just give me the results"
D5 - 265,"i dont like surprises, just give me the expected results"
D5 - 266,The analysis explores potential alternative interpretations.
D5 - 267,The study contributes novel insights to the field.
D5 - 268,"i dont see the point of research questions, just do the"
D5 - 269,i dont get y we have to worry about confounding variables
D5 - 270,"i dont care about biomimicry, just give me the data"
D5 - 271,The study explores the interplay between variables in the model.
D5 - 272,"i dont care about methodologies, just give me the results"
D5 - 273,The project team demonstrated effective time management.
D5 - 274,The analysis considered potential biases introduced during participant recruitment.
D5 - 275,The research question is situated within a broader context.
D5 - 276,"i dont like changing client requirements, it's too disruptive"
D5 - 277,The study explored the intersection of multiple variables.
D5 - 278,"i dont talk about limitations, it makes me look bad"
D5 - 279,The research question is clearly defined and researchable.
D5 - 280,"i dont care about software, as long as it gets the job done"
D5 - 281,The project was completed within the allocated budget.
D5 - 282,"i dont care about confounding variables, just give me the results"
D5 - 283,The findings contribute valuable insights to emerging trends within the field.
D5 - 284,The project team demonstrated flexibility in adapting to changing requirements.
D5 - 285,The project team maintained open communication throughout.
D5 - 286,"i dont manage resources, it's too much effort"
D5 - 287,"i dont care about demographics, just give me the data"
D5 - 288,The analysis considered potential biases in data interpretation.
D5 - 289,"i dont like change, it disrupts my routine"
D5 - 290,The project team demonstrated effective risk management.
D5 - 291,The findings contribute to evidence-based decision-making in real-world scenarios.
D5 - 292,The study contributes to the existing body of knowledge.
D5 - 293,"i dont care about industry trends, they change too quickly"
D5 - 294,"i dont care about industry knowledge, just give me the solution"
D5 - 295,"i dont like communicating progress, it's a waste of time"
D5 - 296,"i dont care about organizational culture, just give me the data"
D5 - 297,"i dont care about electric cars, just give me the results"
D5 - 298,The project team implemented a data-driven marketing strategy for better targeting.
D5 - 299,The study's methodology ensures replicability by future researchers.
D5 - 300,The project team leveraged virtual reality for immersive training experiences.
D5 - 301,The research design minimizes the risk of internal validity threats.
D5 - 302,The project team embraced a culture of continuous improvement.
D5 - 303,"i avoid conflicts, they stress me out"
D5 - 304,"The study's limitations are openly acknowledged, recognizing the study's scope."
D5 - 305,The study's methodology ensures replicability by future researchers.
D5 - 306,The study of black holes in astrophysics unveils mysteries about the nature of spacetime.
D5 - 307,The project team maintained a high level of motivation throughout.
D5 - 308,The study's methodology considered the influence of cultural factors.
D5 - 309,"i dont care about academic discourse, it's too theoretical"
D5 - 310,The data analysis employed advanced statistical techniques for accuracy.
D5 - 311,"i dont care about hyperloop technology, just give me the data"
D5 - 312,The research question is clearly defined and researchable.
D5 - 313,"i avoid conflicts, they stress me out"
D5 - 314,The methodology section provides a step-by-step guide to the study.
D5 - 315,"i dont like solving problems, its too hard"
D5 - 316,The data analysis revealed statistically significant correlations.
D5 - 317,"i dont need practical implications, just tell me what to do"
D5 - 318,"i dont like dealing with cybersecurity, it's too stressful"
D5 - 319,The project team maintained consistent and effective communication channels.
D5 - 320,The study's implications for practice are discussed in detail.
D5 - 321,"i prefer working alone, collaboration is too complicated"
D5 - 322,"i dont worry about privacy, it's overrated"
D5 - 323,The research design considered the potential impact of socio-economic factors.
D5 - 324,The project team exhibited a high level of professionalism.
D5 - 325,"Thx for ur help, it was gr8"
D5 - 326,"i dont care about eco-friendly approaches, just get the work done"
D5 - 327,"i dont understand machine learning, just give me the results"
D5 - 328,"i dont care about personalized learning, just give me the solution"
D5 - 329,The study contributes novel insights to the field.
D5 - 330,The research methodology ensures the reliability of the study.
D5 - 331,The literature cited section is accurate and complete.
D5 - 332,"i dont see the point of professionalism, it's overrated"
D5 - 333,The project team maintained an eco-friendly approach to project operations.
D5 - 334,"i dont like solving problems, it's too much effort"
D5 - 335,The project team maintained a proactive approach to conflict resolution.
D5 - 336,"i prefer working alone, teamwork is too complicated"
D5 - 337,u know wat im talkin abt right?
D5 - 338,The project team demonstrated effective communication skills.
D5 - 339,The project team effectively utilized project management tools.
D5 - 340,The research methodology addresses potential threats to external validity.
D5 - 341,The research design investigated the role of genetics in susceptibility to diseases.
D5 - 342,"i dont talk about limitations, it makes me look bad"
D5 - 343,The project team demonstrated excellent collaboration.
D5 - 344,"i dont pay attention in class, its boring"
D5 - 345,"i dont care about theory, I just want practical stuff"
D5 - 346,"i dont talk about limitations, it makes me look bad"
D5 - 347,The research aligns with emerging trends and innovations in the field.
D5 - 348,The project team employed innovative strategies for problem-solving.
D5 - 349,The methodology section provides a step-by-step guide to the study.
D5 - 350,The research methodology ensures the anonymity of participants through coding.
D5 - 351,"In conclusion, the findings support the hypothesis."
D5 - 352,"i dont like agile approaches, they're too unpredictable"
D5 - 353,"i dont care about ethics, it's too restrictive"
D5 - 354,"i dont like literature reviews, they're too time-consuming"
D5 - 355,"i dont like theory, just give me practical solutions"
D5 - 356,"i dont talk about limitations, it makes me look bad"
D5 - 357,"i dont care about self-driving technology, just give me the data"
D5 - 358,The project team maintained an inclusive decision-making process.
D5 - 359,"i dont care about data-driven strategies, just give me the results"
D5 - 360,The references include reputable sources.
D5 - 361,"i dont care about participant responses, just give me the data"
D5 - 362,"i dont like communicating, it's a waste of time"
D5 - 363,The project team maintained a positive team dynamic throughout.
D5 - 364,"i dont care about replicability, just get it done"
D5 - 365,lol ur jokes r so lame
D5 - 366,The research question is designed to address real-world challenges faced by practitioners.
D5 - 367,The project team effectively resolved conflicts as they arose.
D5 - 368,The study of marine biology reveals the fascinating diversity of life in the oceans.
D5 - 369,"i dont care about renewable energy, just give me the data"
D5 - 370,The findings provide practical implications for real-world applications.
D5 - 371,The analysis employed advanced statistical techniques for robust results.
D5 - 372,The project team demonstrated adaptability in response to client requirements.
D5 - 373,The study's methodology ensured data accuracy through thorough validation.
D5 - 374,The research question is designed to address current challenges in the field.
D5 - 375,The survey questions were crafted to elicit unbiased responses.
D5 - 376,"i dont talk about limitations, it makes me look bad"
D5 - 377,The project team demonstrated strong leadership skills.
D5 - 378,The findings contribute valuable insights to emerging trends in the field.
D5 - 379,"i dont like clear communication, it's too repetitive"
D5 - 380,The project team effectively resolved conflicts as they arose.
D5 - 381,"i dont understand variables, just give me the answer"
D5 - 382,The research analysis considered potential sources of measurement error.
D5 - 383,The exploration of Mars is a significant milestone in human space exploration.
D5 - 384,"i dont understand machine learning, just give me the conclusion"
D5 - 385,The analysis of the data is thorough and well-explained.
D5 - 386,"i dont need novel insights, just give me the information"
D5 - 387,The project team maintained an inclusive and democratic decision-making process.
D5 - 388,"i dont care about neurobiology, it's too complicated"
D5 - 389,The project team exhibited adaptability in changing circumstances.
D5 - 390,"i dont care about organization, just give me the numbers"
D5 - 391,"i dont like consistent communication, it's too repetitive"
D5 - 392,"i dont talk about limitations, it makes me look bad"
D5 - 393,The research question is framed to address practical issues faced by industry professionals.
D5 - 394,The project team maintained a transparent and accountable decision-making process.
D5 - 395,"i dont worry about reliability, it's good enough"
D5 - 396,His presentation was informative and well-organized.
D5 - 397,The findings are consistent with existing theoretical frameworks.
D5 - 398,"i dont like continuous improvement, it's unnecessary"
D5 - 399,"i dont care about socio-economic factors, just give me the data"
D5 - 400,The study's limitations are acknowledged with humility.
D5 - 401,"i dont care about confounding variables, just give me the results"
D5 - 402,"i dont care about CRISPR technology, just give me the results"
D5 - 403,I can provide a detailed analysis of the topic.
D5 - 404,The project team leveraged data visualization tools for clear communication.
D5 - 405,The analysis includes robust statistical tests for data validation.
D5 - 406,The project team consistently met project milestones.
D5 - 407,"i dont like surprises, just give me the expected results"
D5 - 408,"In quantum physics, entanglement remains a fascinating and mysterious phenomenon."
D5 - 409,"i dont care about the details, just give me the answer"
D5 - 410,"i dont like solving problems, it's too much effort"
D5 - 411,"i dont care about eco-friendly initiatives, just get the work done"
D5 - 412,"i dont like changing requirements, it disrupts my routine"
D5 - 413,"i dont pay attention to details, they slow me down"
D5 - 414,The results are presented in a logically organized manner.
D5 - 415,"i dont like artificial intelligence, it's too unpredictable"
D5 - 416,"i dont care about feedback, it's subjective"
D5 - 417,"i dont like change, it's too much effort"
D5 - 418,"i dont like theory, just give me practical solutions"
D5 - 419,"i collect data randomly, it's faster"
D5 - 420,The abstract provides a concise summary of the research.
D5 - 421,The project team maintained an inclusive approach to decision-making processes.
D5 - 422,The project team maintained clear documentation of project processes.
D5 - 423,"i dont like prior research, just give me the new information"
D5 - 424,"i dont have time for step-by-step guides, just tell me the answer"
D5 - 425,i dont understand y we have to do so much research
D5 - 426,"i dont like communicating, it's a waste of time"
D5 - 427,"i dont care about sustainable architecture, just get the job done"
D5 - 428,"The development of hyperloop technology promises high-speed, efficient transportation."
D5 - 429,The research aligns with current trends in the industry.
D5 - 430,"i dont care about confounding variables, just give me the results"
D5 - 431,The survey instrument underwent rigorous validation procedures.
D5 - 432,"i dont like continuous improvement, it's unnecessary"
D5 - 433,The discussion section critically examines study limitations.
D5 - 434,"i prefer working alone, teamwork is too complicated"
D5 - 435,The research question is well-defined and focused.
D5 - 436,The study's methodology ensures replicability by future researchers.
D5 - 437,"i prefer working alone, collaboration is too complicated"
D5 - 438,The project team maintained a positive and inclusive team culture.
D5 - 439,"i dont understand virtual reality, just get the job done"
D5 - 440,"omg, I cant believe u said that"
D5 - 441,"i dont care about generalizability, just give me the results"
D5 - 442,The research question is clearly defined and researchable.
D5 - 443,The theoretical framework provides a conceptual basis for the study.
D5 - 444,The project team prioritized user feedback for product improvement.
D5 - 445,The research methodology addresses potential threats to external validity.
D5 - 446,"i dont like dealing with risks, it's too stressful"
D5 - 447,"i dont worry about anonymity, it's overrated"
D5 - 448,"i dont have time to consider alternatives, just tell me what to do"
D5 - 449,The project team maintained a positive team dynamic throughout.
D5 - 450,The study's methodology prioritized participant confidentiality and anonymity.
D5 - 451,"i dont talk about limitations, it makes me look bad"
D5 - 452,The research question is situated within a broader context.
D5 - 453,"i dont care about nanomaterials, just give me the results"
D5 - 454,The data analysis software used is widely accepted in the field.
D5 - 455,"i dont talk about limitations, it makes me look bad"
D5 - 456,The project team embraced a collaborative and inclusive approach.
D5 - 457,"i dont need real-world challenges, just give me the solution"
D5 - 458,The information is accurate and well-researched.
D5 - 459,"i dont need real-world problems, just give me the answer"
D5 - 460,"i dont care about scholarly discourse, it's too academic"
D5 - 461,"i dont have time to worry about samples, just give me the result"
D5 - 462,"i dont understand algorithms, just give me the conclusion"
D5 - 463,"I dont bother with references, I just make stuff up"
D5 - 464,The project team demonstrated strong leadership skills.
D5 - 465,"i dont care about neuroscience, just give me the results"
D5 - 466,"i dont care about industry trends, they change too quickly"
D5 - 467,The project team effectively resolved conflicts as they arose.
D5 - 468,The findings contribute novel insights that challenge traditional perspectives.
D5 - 469,The project team demonstrated flexibility in adapting to technological advancements.
D5 - 470,"The study's limitations are candidly discussed, acknowledging inherent challenges."
D5 - 471,The research question is designed to address real-world problems faced by practitioners.
D5 - 472,"In nanotechnology, the development of smart materials revolutionizes various applications."
D5 - 473,"i dont care about demographics, just give me the data"
D5 - 474,The research question is well-aligned with the study's objectives.
D5 - 475,"i dont care about emerging trends, they're too unpredictable"
D5 - 476,"In the realm of paleontology, the discovery of new dinosaur species captivates researchers."
D5 - 477,"i dont care about internal validity, it's too technical"
D5 - 478,"i dont care about astrobiology, just give me the data"
D5 - 479,"i dont need novel insights, just practical solutions"
D5 - 480,"i dont like consistent communication, it's too repetitive"
D5 - 481,The project team embraced a culture of continuous improvement.
D5 - 482,"i dont see the point of objectives, just give me the answer"
D5 - 483,"i dont care about outliers, just give me the main results"
D5 - 484,Collaboration among team members was excellent.
D5 - 485,"can u plz send me the notes, I missed the class"
D5 - 486,"i dont like change, it disrupts my routine"
D5 - 487,"i dont talk about limitations, it makes me look bad"
D5 - 488,The project team effectively resolved conflicts as they arose.
D5 - 489,Artificial Intelligence is a fascinating field.
D5 - 490,"i dont worry about bias, it's unavoidable"
D5 - 491,"i dont care about correlations, just give me the main findings"
D5 - 492,"i dont understand variables, just give me the answer"
D5 - 493,"i dont care about ethics, it's too restrictive"
D5 - 494,The research methodology ensured participant anonymity through coded identifiers.
D5 - 495,"i dont see y we need more knowledge, we have enough"
D5 - 496,"i dont worry about accuracy, it's good enough"
D5 - 497,"i dont understand nanotechnology, just get the job done"
D5 - 498,The survey questions were crafted to elicit unbiased responses.
D5 - 499,"i dont like longitudinal approaches, they take too much time"
D5 - 500,The research question guides the entire research process.
D5 - 501,The research design incorporated diverse perspectives for a comprehensive study.
D5 - 502,The limitations of renewable energy sources pose challenges for global sustainability.
D5 - 503,The findings are consistent with existing theoretical frameworks.
D5 - 504,"i dont care about feedback, it's subjective"
D5 - 505,"i dont worry about reliability, it's good enough"
D5 - 506,The study of dark energy in cosmology contributes to our understanding of the universe's expansion.
D5 - 507,"i dont like timelines, they stress me out"
D5 - 508,The analysis considered potential biases introduced during participant recruitment.
D5 - 509,The project was completed ahead of schedule.
D5 - 510,"In chemistry, the study of nanomaterials opens avenues for advanced applications."
D5 - 511,"i dont care about feedback, it's subjective"
D5 - 512,The research methodology considered potential confounding variables.
D5 - 513,"The study's limitations are openly discussed, acknowledging potential limitations."
D5 - 514,"The study's limitations are openly discussed, recognizing potential biases."
D5 - 515,The research methodology ensures the reliability of the study.
D5 - 516,"i dont validate surveys, it takes too much time"
D5 - 517,The project team maintained a transparent approach to sharing project updates.
D5 - 518,"i dont care about economic factors, just give me the data"
D5 - 519,The study's methodology considered potential sources of systematic bias.
D5 - 520,The analysis considered the impact of outliers on data interpretation.
D5 - 521,"i dont like collaborative problem-solving, it's too slow"
D5 - 522,The analysis revealed statistically significant correlations.
D5 - 523,The study contributes novel insights to the field.
D5 - 524,The project team effectively communicated project timelines and milestones.
D5 - 525,"i dont like artificial intelligence, it's too unpredictable"
D5 - 526,"i collect data randomly, it's faster"
D5 - 527,The project team demonstrated adaptability in changing circumstances.
D5 - 528,The study explores the interplay between variables in the model.
D5 - 529,The research design ensures data reliability through consistent measurement protocols.
D5 - 530,The exploration of exoplanets in astronomy opens possibilities for finding habitable environments.
D5 - 531,The discussion section critically examines study limitations.
D5 - 532,"i dont care about user feedback, they dont know what they want"
D5 - 533,The project team prioritized employee engagement for a positive work environment.
D5 - 534,"I'm too busy with other stuff, I dont have time for this"
D5 - 535,The findings are consistent with existing theoretical frameworks.
D5 - 536,The project team maintained clear and concise documentation of project processes.
D5 - 537,The analysis considered the ethical implications of the research.
D5 - 538,"i dont need novel insights, just give me the information"
D5 - 539,"i dont talk about limitations, it makes me look bad"
D5 - 540,i give up easily when things get tough
D5 - 541,"The study's limitations are openly discussed, acknowledging potential confounders."
D5 - 542,The project team utilized best practices in project management for efficiency.
D5 - 543,Ensure that your writing is clear and concise.
D5 - 544,The project team efficiently managed project resources.
D5 - 545,"i dont like continuous improvement, it's unnecessary"
D5 - 546,"i dont validate data, it's a waste of time"
D5 - 547,"i dont document processes, it's too tedious"
D5 - 548,The project team displayed creativity in problem-solving.
D5 - 549,The study's methodology minimizes the potential for sampling bias.
D5 - 550,"i dont care about ethics, it's too restrictive"
D5 - 551,"i dont worry about bias, it's unavoidable"
D5 - 552,The research methodology included a comprehensive literature review.
D5 - 553,The project team demonstrated a commitment to meeting project deadlines.
D5 - 554,"i dont understand data types, just give me the results"
D5 - 555,i dont get y this is so important
D5 - 556,"i dont like theory, just give me practical solutions"
D5 - 557,"i dont talk about limitations, it makes me look bad"
D5 - 558,The analysis employed statistical techniques for controlling potential confounding variables.
D5 - 559,The electric car market is witnessing a surge in popularity with advanced battery technology.
D5 - 560,"i dont care about 5G technology, just get the job done"
D5 - 561,"i collect data randomly, it's faster"
D5 - 562,The research design considered the influence of organizational culture on outcomes.
D5 - 563,The project team maintained a proactive approach to risk identification and mitigation.
D5 - 564,"i dont worry about anonymity, it's overrated"
D5 - 565,The project team effectively communicated project milestones.
D5 - 566,The project team exhibited a high level of professionalism.
D5 - 567,"i dont worry about validation procedures, just give me the data"
D5 - 568,"I didnt do the homework, it's too much work"
D5 - 569,"i dont care about implications, just tell me what to do"
D5 - 570,The aerospace industry is exploring biofuels as a sustainable alternative for aviation.
D5 - 571,The study's implications for practice are discussed in detail.
D5 - 572,"i dont care about exoplanets, just give me the data"
D5 - 573,"i dont use project management tools, they're too complicated"
D5 - 574,"i dont like engaging with stakeholders, it's time-consuming"
D5 - 575,The analysis considered the influence of economic factors on study outcomes.
D5 - 576,"i dont talk about limitations, it makes me look bad"
D5 - 577,The analysis explores potential alternative interpretations.
D5 - 578,The findings provide practical implications for real-world applications.
D5 - 579,The literature review synthesizes diverse perspectives on the subject.
D5 - 580,"i dont like transparent updates, it's too vulnerable"
D5 - 581,The project team documented all processes for transparency.
D5 - 582,"i dont care about triangulation, just give me the data"
D5 - 583,The discussion section critically examines study limitations.
D5 - 584,The analysis employed advanced statistical methods for accurate data interpretation.
D5 - 585,The research aligns with current trends in the industry.
D5 - 586,The research design ensures data validity through rigorous validation procedures.
D5 - 587,The research question is designed to fill gaps in existing empirical knowledge.
D5 - 588,The use of CRISPR technology in agriculture aims for improved crop yields and resistance.
D5 - 589,The project team demonstrated proactive problem-solving skills.
D5 - 590,The study's methodology incorporates both qualitative and quantitative approaches.
D5 - 591,The study explores the interplay between variables in the model.
D5 - 592,"i dont care about measurement errors, just give me the conclusion"
D5 - 593,The project team maintained a proactive approach to risk management.
D5 - 594,"i dont care about participant feedback, it's subjective"
D5 - 595,"i dont like data visualization, it's unnecessary"
D5 - 596,The project team effectively utilized project management tools.
D5 - 597,Here's some text without proper punctuation and grammar mistakes
D5 - 598,"i dont care about organization, just give me the numbers"
D5 - 599,The study contributes valuable insights to the field.
D5 - 600,The project team demonstrated attention to detail in every phase.
D5 - 601,The project team embraced a flexible approach to project timelines.
D5 - 602,"i dont like communicating, it's a waste of time"
D5 - 603,The research methodology ensures the reliability of findings through validation.
D5 - 604,i dont get y we have to write essays
D5 - 605,"The study's limitations are transparently presented, addressing potential biases."
D5 - 606,The methodology section provides a step-by-step guide to the study.
D5 - 607,"i dont like dealing with risks, it's too stressful"
D5 - 608,"i dont worry about credibility, it's good enough"
D5 - 609,The project team maintained a proactive approach to cybersecurity in IT operations.
D5 - 610,"i dont care about industry trends, they change too quickly"
D5 - 611,The research question is framed to address gaps in existing knowledge.
D5 - 612,The study's methodology accounted for potential variations in participant responses.
D5 - 613,The project team documented all processes for transparency.
D5 - 614,The project team exhibited a high level of professionalism.
D5 - 615,The adoption of blockchain technology is reshaping financial systems and transactions.
D5 - 616,"i dont care about mindfulness practices, they're too time-consuming"
D5 - 617,The integration of 5G technology is revolutionizing communication and connectivity.
D5 - 618,The project team prioritized user feedback for product improvement.
D5 - 619,The research methodology accounted for potential variations in participant responses.
D5 - 620,"The study's limitations are transparently acknowledged, addressing study boundaries."
D5 - 621,The project team effectively communicated project milestones.
D5 - 622,The study's methodology ensured data validity through triangulation.
D5 - 623,The project team maintained a proactive approach to stakeholder engagement.
D5 - 624,"i dont care about genetic engineering, just give me the results"
D5 - 625,"i dont care about data preprocessing, just give me the results"
D5 - 626,"The study's limitations are openly discussed, addressing potential methodological flaws."
D5 - 627,"I dont need to cite, I wrote it myself"
D5 - 628,The research design incorporated feedback loops for iterative improvements.
D5 - 629,"i dont like deadlines, they stress me out"
D5 - 630,i rlly hate it when ppl use txt abbreviations
D5 - 631,"i dont need practical implications, just tell me what to do"
D5 - 632,The research question is framed to address practical issues faced by industry professionals.
D5 - 633,"i dont like working in teams, its too much hassle"
D5 - 634,The project team prioritized the well-being and satisfaction of team members.
D5 - 635,The research question is clear and relevant to the field.
D5 - 636,The project team demonstrated adaptability to changes in project requirements.
D5 - 637,The findings contribute to the ongoing scholarly discourse in the field.
D5 - 638,"i dont care about data collection techniques, just give me the results"
D5 - 639,The presentation slides were clear and visually appealing.
D5 - 640,The project team demonstrated adaptability in changing circumstances.
D5 - 641,"i dont like deadlines, they stress me out"
D5 - 642,"i dont care about cross-functional training, it's irrelevant"
D5 - 643,The project team embraced a culture of continuous feedback and improvement.
D5 - 644,The advancements in nanomedicine contribute to more targeted and effective medical treatments.
D5 - 645,The project team embraced a design thinking approach for creative problem-solving.
D5 - 646,"i dont like theory, just give me what works"
D5 - 647,"i dont like change, it disrupts my routine"
D5 - 648,"i prefer working alone, teamwork is too complicated"
D5 - 649,The project team embraced a collaborative and inclusive approach.
D5 - 650,The research question is designed to address gaps in practical industry knowledge.
D5 - 651,The project team maintained a transparent and accountable decision-making process.
D5 - 652,The findings contribute to practical applications and problem-solving.
D5 - 653,"i dont care about emerging trends, they're too unpredictable"
D5 - 654,"i dont care about emerging discussions, they're too theoretical"
D5 - 655,The research question is clearly defined and researchable.
D5 - 656,"i dont care about biotechnology, just get the job done"
D5 - 657,The study's methodology incorporated a diverse range of data collection techniques.
D5 - 658,The study's methodology accounted for potential variations in participant response.
D5 - 659,"i dont like solving problems, it's too much effort"
D5 - 660,"i dont care about emerging discussions, they're too theoretical"
D5 - 661,The project team demonstrated effective risk management.
D5 - 662,Ensure that your writing is clear and concise.
D5 - 663,The findings contribute to evidence-based healthcare practices in clinical settings.
D5 - 664,This is a well-structured sentence.
D5 - 665,The methodology section provides a step-by-step guide to the study.
D5 - 666,"i dont care about user feedback, they dont know what they want"
D5 - 667,"i dont document processes, it's too tedious"
D5 - 668,The research design minimizes the risk of internal validity threats.
D5 - 669,"i dont need practical implications, just give me the theory"
D5 - 670,"i dont like transparent decision-making, it's too vulnerable"
D5 - 671,The analysis explores potential alternative interpretations.
D5 - 672,"i dont like milestones, they stress me out"
D5 - 673,"In physics, the exploration of dark matter and dark energy challenges our understanding."
D5 - 674,"i dont see the point of professionalism, it's overrated"
D5 - 675,The methodology section details the steps taken in the research.
D5 - 676,"i dont like change, it disrupts my routine"
D5 - 677,"i dont understand virtual reality, just get the job done"
D5 - 678,"i dont care about ethics, it's too restrictive"
D5 - 679,The project team maintained open communication throughout.
D5 - 680,"i dont care about understanding, just tell me what to do"
D5 - 681,"i dont worry about encryption, it's overrated"
D5 - 682,The discussion section critically examines study limitations.
D5 - 683,"i dont need novel insights, just practical solutions"
D5 - 684,"i dont need evidence-based decisions, just give me the information"
D5 - 685,The field of biotechnology holds promise for breakthroughs in medicine and agriculture.
D5 - 686,"i dont care about renewable energy grids, just get the job done"
D5 - 687,The research design incorporated both qualitative and quantitative data.
D5 - 688,The project team demonstrated strong problem-solving skills.
D5 - 689,i give up easily when things get tough
D5 - 690,The study contributes novel insights to the field.
D5 - 691,The research question is aligned with the study's objectives.
D5 - 692,"i dont like agile approaches, they're too unpredictable"
D5 - 693,Here's some text without proper punctuation and grammar mistakes
D5 - 694,"i dont like knowledge-sharing sessions, they're too time-consuming"
D5 - 695,"i dont like iterative development, it's too slow"
D5 - 696,The research question is clearly defined and researchable.
D5 - 697,The study's methodology utilized cutting-edge technology for data collection.
D5 - 698,The project team effectively communicated project milestones.
D5 - 699,The results support the hypothesis outlined in the introduction.
D5 - 700,The project team displayed creativity in problem-solving.
D5 - 701,"i dont have time to consider alternatives, just tell me what to do"
D5 - 702,"i dont talk about limitations, it makes me look bad"
D5 - 703,The research design minimizes the risk of internal validity threats.
D5 - 704,"i dont have time for step-by-step guides, just tell me the answer"
D5 - 705,"i dont like transparent decision-making, it's too vulnerable"
D5 - 706,"i dont need novel insights, just practical solutions"
D5 - 707,"i dont use project management tools, they're too complicated"
D5 - 708,Effective communication is essential in the workplace.
D5 - 709,"i dont understand statistics, just give me the answer"
D5 - 710,The study's methodology ensures participant confidentiality through encryption.
D5 - 711,"i dont care about aerodynamics, just give me the data"
D5 - 712,"i dont need evidence-based decisions, just give me the information"
D5 - 713,The project team demonstrated a commitment to meeting project deadlines.
D5 - 714,The analysis considered potential cultural biases in the interpretation of results.
D5 - 715,"I'll just copy from the internet, nobody will notice"
D5 - 716,"i prefer to follow, leadership is too much responsibility"
D5 - 717,The project team prioritized clear and concise project documentation.
D5 - 718,The analysis employed statistical techniques to control for potential confounding variables.
D5 - 719,"i dont care about industry knowledge, just give me the solution"
D5 - 720,"i dont like open-door policies, it's too intrusive"
D5 - 721,"i dont care about theoretical frameworks, just give me the solution"
D5 - 722,"i dont need practical issues, just give me the solution"
D5 - 723,The study's methodology considered the potential impact of confounding variables.
D5 - 724,"i dont like data visualization, it's unnecessary"
D5 - 725,The research aligns with current trends in the industry.
D5 - 726,The study explored the impact of mindfulness practices on workplace productivity.
D5 - 727,The findings have practical implications for real-world applications.
D5 - 728,"i dont have time for step-by-step guides, just tell me the answer"
D5 - 729,"i dont understand statistics, just give me the answer"
D5 - 730,"i dont like solving problems, it's too much effort"
D5 - 731,"The study's limitations are transparently acknowledged, recognizing study boundaries."
D5 - 732,The project team exhibited adaptability in changing circumstances.
D5 - 733,"i dont care about replicability, just get it done"
D5 - 734,"i dont talk about limitations, it makes me look bad"
D5 - 735,The project team leveraged technology to streamline project processes.
D5 - 736,The project team embraced a proactive approach to quality assurance.
D5 - 737,"i dont care about astrophysics, just give me the results"
D5 - 738,The project team exhibited strong teamwork and collaboration.
D5 - 739,The project team maintained a positive and supportive team culture.
D5 - 740,The research methodology considered the impact of environmental factors.
D5 - 741,"i dont need current challenges, just give me the solution"
D5 - 742,The study's design considers ethical considerations in data collection.
D5 - 743,The project team effectively communicated project progress to stakeholders.
D5 - 744,The project team demonstrated adaptability in response to unexpected challenges.
D5 - 745,The research question is designed to address gaps in current industry practices.
D5 - 746,"i dont talk about limitations, it makes me look bad"
D5 - 747,The research question is designed to address real-world problems faced by practitioners.
D5 - 748,"i dont see the point of relevance, as long as it's done"
D5 - 749,"i dont care about cutting-edge technology, just give me the results"
D5 - 750,"i dont understand variables, just give me the answer"
D5 - 751,The study's design considers ethical considerations in data collection.
D5 - 752,"i dont need novel insights, just practical solutions"
D5 - 753,"i dont have time to think about future research, im too busy"
D5 - 754,"i dont like transparency, it's too vulnerable"
D5 - 755,The research design ensured data privacy and confidentiality.
D5 - 756,The project team embraced a human-centered design approach for product development.
D5 - 757,The analysis revealed statistically significant correlations.
D5 - 758,The findings have practical implications for real-world applications.
D5 - 759,The project team utilized best practices in project management for efficiency.
D5 - 760,"i dont see the point of having objectives, its unnecessary"
D5 - 761,The discussion section explores implications for future research.
D5 - 762,"i dont need real-world applications, just give me the theory"
D5 - 763,"I'll just throw some slides together, it doesnt matter"
D5 - 764,The project team prioritized continuous improvement through regular retrospectives.
D5 - 765,"i dont keep track of my spending, its too much effort"
D5 - 766,why do we even need to learn this stuff?
D5 - 767,The project team documented all processes for transparency.
D5 - 768,The project team leveraged technology to streamline project processes.
D5 - 769,i dont have time to think about good survey questions
D5 - 770,The findings have practical implications for real-world applications.
D5 - 771,The analysis considered potential biases introduced during data preprocessing.
D5 - 772,"i dont care about bias, it's unavoidable"
D5 - 773,The research question is framed to address real-world problems.
D5 - 774,"i dont see the point of research questions, just do the work"
D5 - 775,The study's limitations are acknowledged with transparency.
D5 - 776,"i dont care about team well-being, just get the work done"
D5 - 777,"i dont need current challenges, just give me the solution"
D5 - 778,"i dont care about confounding variables, just give me the results"
D5 - 779,"i dont like theory, just give me what works"
D5 - 780,The data collection process was systematic and thorough.
D5 - 781,The research design incorporated a longitudinal approach for robust results.
D5 - 782,The project team effectively communicated project goals and expectations.
D5 - 783,"i dont care about best practices, they're too conventional"
D5 - 784,"i dont like inclusive decision-making, it's too slow"
D5 - 785,"i dont like timelines, they stress me out"
D5 - 786,The application of artificial intelligence in agriculture enhances precision farming techniques.
D5 - 787,"Im not gonna bother proofreading, its a waste of time"
D5 - 788,The project team maintained a positive and collaborative team culture.
D5 - 789,"i dont get statistics, its too complicated"
D5 - 790,"i dont see the point of research questions, just do the work"
D5 - 791,The data collection process was systematic and thorough.
D5 - 792,The project team prioritized user-centered design principles in product development.
D5 - 793,The automotive industry is exploring hydrogen fuel cells as a cleaner energy alternative.
D5 - 794,The analysis employed machine learning algorithms for predictive modeling accuracy.
D5 - 795,"i dont care about feedback loops, they're too repetitive"
D5 - 796,"i dont have time to consider alternatives, just tell me what to do"
D5 - 797,The theoretical framework provides a conceptual basis for the study.
D5 - 798,"i dont like consistent communication, it's too repetitive"
D5 - 799,The project team demonstrated attention to detail in every phase.
D5 - 800,"i dont care about participant responses, just give me the data"
D5 - 801,"i dont talk about limitations, it makes me look bad"
D5 - 802,"i dont care about feedback, it's subjective"
D5 - 803,"i dont understand statistics, just give me the answer"
D5 - 804,"i dont talk about limitations, it makes me look bad"
D5 - 805,The data analysis employed machine learning algorithms for predictive modeling.
D5 - 806,"i dont care about cosmology, just give me the results"
D5 - 807,The project team leveraged data visualization tools for effective communication.
D5 - 808,"The study's limitations are openly discussed, recognizing potential biases."
D5 - 809,"i dont like remote work, it's too isolating"
D5 - 810,The project team maintained open channels for communication with stakeholders.
D5 - 811,The results are presented in a logically organized manner.
D5 - 812,The project team embraced a proactive approach to problem-solving.
D5 - 813,The project team effectively managed project resources and budget.
D5 - 814,Programming skills are in high demand in the job market.
D5 - 815,The study's limitations are acknowledged in the discussion.
D5 - 816,The project team displayed creativity in problem-solving.
D5 - 817,"i collect data randomly, it's faster"
D5 - 818,"i dont like artificial intelligence, it's too unpredictable"
D5 - 819,"i dont care about genetics, just give me the results"
D5 - 820,I appreciate your assistance in this matter.
D5 - 821,"i dont like retrospectives, they're too time-consuming"
D5 - 822,The research findings are generalizable to a broader population.
D5 - 823,"i dont understand statistics, just give me the conclusion"
D5 - 824,The research design incorporated a longitudinal approach for robust findings.
D5 - 825,The project team embraced a collaborative and inclusive approach.
D5 - 826,"i dont talk about limitations, it makes me look bad"
D5 - 827,The project team effectively communicated project milestones.
D5 - 828,The project team utilized feedback to enhance the project deliverables.
D5 - 829,The data analysis utilized machine learning algorithms for accuracy.
D5 - 830,"i prefer working alone, teamwork is too complicated"
D5 - 831,"i dont like communicating, it's a waste of time"
D5 - 832,The findings contribute valuable insights to niche areas within the field.
D5 - 833,The report covers all the key aspects of the research.
D5 - 834,"i dont care about paleontology, just give me the results"
D5 - 835,The survey questions were crafted to elicit unbiased responses.
D5 - 836,"i dont talk about limitations, it makes me look bad"
D5 - 837,The project team displayed creativity in problem-solving.
D5 - 838,The study contributes novel insights to the field.
D5 - 839,"i dont like change, it disrupts my routine"
D5 - 840,The project team maintained open communication throughout.
D5 - 841,The study of exoplanets in astrobiology contributes to the search for extraterrestrial life.
D5 - 842,The development of quantum computers poses challenges and opportunities in computing.
D5 - 843,"i dont need practical implications, just tell me what to do"
D5 - 844,The survey was designed to capture a representative sample.
D5 - 845,The analysis considered the impact of psychological factors on participant responses.
D5 - 846,The research methodology addresses potential threats to external validity.
D5 - 847,The project team embraced feedback as an opportunity for improvement.
D5 - 848,The project team embraced a user-centric approach in product development.
D5 - 849,"i dont like communicating, it's a waste of time"
D5 - 850,"i dont see the point of context, just give me the answer"
D5 - 851,"i dont like documenting processes, it's too tedious"
D5 - 852,The study's methodology ensures the credibility and trustworthiness of results.
D5 - 853,The evolution of artificial intelligence is reshaping various industries and workflows.
D5 - 854,"My dog ate my homework, can I get an extension?"
D5 - 855,The study's design incorporated a diverse range of research methodologies.
D5 - 856,The project team maintained an agile mindset for adaptability to changing requirements.
D5 - 857,"I didnt do the reading, can u fill me in?"
D5 - 858,The exploration of quantum entanglement is essential for developing quantum communication.
D5 - 859,The coding practices followed industry standards for maintainability.
D5 - 860,The research design incorporated a longitudinal approach for robust findings.
D5 - 861,"i dont understand augmented reality, just get the job done"
D5 - 862,"i dont care about implications, just tell me what to do"
D5 - 863,"i dont care about emerging trends, they're too unpredictable"
D5 - 864,The project team utilized advanced modeling techniques for accurate predictions.
D5 - 865,The project team maintained a positive and supportive team culture.
D5 - 866,"i dont worry about anonymity, it's overrated"
D5 - 867,The project team prioritized the well-being of team members through support initiatives.
D5 - 868,"i dont validate surveys, it takes too much time"
D5 - 869,The project team maintained a high level of accuracy in data entry.
D5 - 870,i dont think grammar matters in casual writing
D5 - 871,The project team prioritized continuous improvement through regular retrospectives.
D5 - 872,"i dont like technological advancements, they complicate things"
D5 - 873,"i dont care about quantum computers, just give me the results"
D5 - 874,The research question is well-aligned with the study's objectives.
D5 - 875,The survey instrument underwent rigorous validation procedures.
D5 - 876,"i prefer working alone, teamwork is too complicated"
D5 - 877,"i dont care about user-centered design, just give me the final product"
D5 - 878,The study of neuroplasticity in neuroscience reveals the brain's adaptability to change.
D5 - 879,The study's limitations are acknowledged with humility.
D5 - 880,The project team effectively managed project timelines and milestones.
D5 - 881,"i dont care about academic discourse, it's too theoretical"
D5 - 882,"i dont like changing requirements, it disrupts my routine"
D5 - 883,"i dont like quality assurance, it's too time-consuming"
D5 - 884,The project team maintained regular knowledge-sharing sessions for skill development.
D5 - 885,"i dont care about best practices, they're too conventional"
D5 - 886,"i dont like communicating, it's a waste of time"
D5 - 887,"i dont care about quantum physics, it's too complicated"
D5 - 888,"i dont care about cultural factors, just give me the data"
D5 - 889,"i dont care about bias, it's unavoidable"
D5 - 890,The project team embraced a collaborative approach to problem-solving.
D5 - 891,"i dont like changing client expectations, it's too disruptive"
D5 - 892,"i dont like dealing with risks, it's too stressful"
D5 - 893,The project team efficiently managed project resources.
D5 - 894,"i dont like change, it disrupts my routine"
D5 - 895,"i dont like design thinking, it's too slow"
D5 - 896,"i dont validate data, it's a waste of time"
D5 - 897,"i dont care about ethics, it's too restrictive"
D5 - 898,The research design ensured data privacy and confidentiality.
D5 - 899,"i dont manage resources, it's too much effort"
D5 - 900,"i dont understand methodologies, just get it done"
D5 - 901,The project team effectively utilized collaboration tools for remote work.
D5 - 902,The research question guides the entire research process.
D5 - 903,"i dont understand statistics, just give me the answer"
D5 - 904,The findings contribute to emerging discussions in the field.
D5 - 905,The project team utilized data encryption techniques to ensure participant privacy.
D5 - 906,The research question is designed to address gaps in current industry knowledge.
D5 - 907,"i dont understand advanced statistics, just give me the conclusion"
D5 - 908,"i dont like retrospectives, they're too time-consuming"
D5 - 909,The findings contribute valuable insights to emerging trends within the field.
D5 - 910,"i dont like theory, just give me practical solutions"
D5 - 911,"i dont care about materials science, just give me the data"
D5 - 912,The project team maintained a high level of accuracy in data entry.
D5 - 913,idk y the professor is so strict
D5 - 914,The project team prioritized continuous improvement through regular retrospectives.
D5 - 915,"i dont worry about anonymity, it's overrated"
D5 - 916,The advancements in 3D printing technology enable innovative solutions in manufacturing.
D5 - 917,The project team effectively communicated project timelines and milestones.
D5 - 918,The research findings are positioned within the context of prior research.
D5 - 919,Genetic engineering holds promise for revolutionary breakthroughs in healthcare.
D5 - 920,The findings contribute to the ongoing dialogue in the academic community.
D5 - 921,"i dont pay attention to details, they slow me down"
D5 - 922,"i write code that works, who cares about maintainability"
D5 - 923,"i dont like artificial intelligence, it's too unpredictable"
D5 - 924,"i dont care about participant biases, just give me the conclusion"
D5 - 925,"The study's limitations are openly discussed, acknowledging potential shortcomings."
D5 - 926,The discussion section critically examines study limitations.
D5 - 927,The analysis considered potential sources of bias in data collection.
D5 - 928,"i dont care about emerging trends, they're too unpredictable"
D5 - 929,"i dont like longitudinal approaches, they take too much time"
D5 - 930,"i dont like retrospectives, they're too time-consuming"
D5 - 931,The analysis considered potential biases introduced by participant self-reporting.
D5 - 932,"i didnt study for the test, its fine, ill guess"
D5 - 933,The results of the experiment are consistent with previous studies.
D5 - 934,"im so tired of this class, it's so boring"
D5 - 935,The study's limitations are acknowledged with transparency.
D5 - 936,"i dont like blockchain technology, it's too unpredictable"
D5 - 937,"i dont like collaborative problem-solving, it's too slow"
D5 - 938,The project team effectively managed project risks.
D5 - 939,The project team prioritized continuous learning and skill development.
D5 - 940,"i dont worry about external validity, it's too technical"
D5 - 941,"i dont care about space exploration, it's too theoretical"
D5 - 942,"i dont care about generalizability, just give me the results"
D5 - 943,"i dont understand machine learning, just give me the results"
D5 - 944,The project team effectively utilized project management tools.
D5 - 945,The study's methodology incorporates both qualitative and quantitative approaches.
D5 - 946,The project team effectively utilized project management tools.
D5 - 947,"In the world of robotics, advancements in artificial intelligence enable more complex tasks."
D5 - 948,The data collection process was systematic and thorough.
D5 - 949,"i dont care about employee engagement, just get the work done"
D5 - 950,"i dont like communicating, it's a waste of time"
D5 - 951,"i dont care about behavioral economics, just give me the results"
D5 - 952,The research design is appropriate for the study.
D5 - 953,The project team utilized feedback to enhance the project deliverables.
D5 - 954,"i dont like client feedback, it's subjective"
D5 - 955,"i dont need evidence-based practices, just give me the information"
D5 - 956,"i dont see the point of research questions, just do the work"
D5 - 957,The analysis considered potential biases in data interpretation.
D5 - 958,The project team demonstrated resilience in overcoming challenges.
D5 - 959,The analysis considered the impact of external factors on study outcomes.
D5 - 960,"i dont care about industry trends, they change too quickly"
D5 - 961,"i dont validate surveys, it takes too much time"
D5 - 962,The research question guides the entire research process.
D5 - 963,The findings contribute to the theoretical foundation of the respective discipline.
D5 - 964,The research aligns with current trends in the industry.
D5 - 965,Please submit your assignment by the deadline.
D5 - 966,The theoretical framework provides a conceptual basis for the study.
D5 - 967,"i dont talk about limitations, it makes me look bad"
D5 - 968,The field of neurobiology explores the intricacies of the human brain and nervous system.
D5 - 969,"i dont talk about limitations, it makes me look bad"
D5 - 970,The study's limitations are acknowledged with humility and openness.
D5 - 971,"i dont care about implications, just tell me what to do"
D5 - 972,"i dont care about biases, just give me the main findings"
D5 - 973,The methodology section explains the research design in detail.
D5 - 974,I can provide a detailed analysis of the topic.
D5 - 975,"i avoid conflicts, they stress me out"
D5 - 976,The project team leveraged cloud-based tools for efficient project collaboration.
D5 - 977,The project team demonstrated adaptability in response to client expectations.
D5 - 978,The survey questions were crafted to elicit unbiased responses.
D5 - 979,The study's limitations are acknowledged with transparency.
D5 - 980,The future of sustainable architecture lies in eco-friendly construction materials.
D5 - 981,The study's implications extend beyond the immediate research context.
D5 - 982,"i dont see the point of professionalism, it's overrated"
D5 - 983,"i dont care about niche areas, just give me the general information"
D5 - 984,"i dont talk about limitations, it makes me look bad"
D5 - 985,"i prefer working alone, collaboration is too complicated"
D5 - 986,The project team demonstrated attention to detail in every phase.
D5 - 987,"i dont need practical implications, just tell me what to do"
D5 - 988,The research methodology considered the impact of environmental factors.
D5 - 989,"i dont worry about external validity, it's too technical"
D5 - 990,"i dont worry about privacy, it's overrated"
D5 - 991,The project team embraced a collaborative and inclusive approach.
D5 - 992,"i dont care about team well-being, just get the work done"
D5 - 993,"i dont document processes, it's too tedious"
D5 - 994,The project team prioritized employee well-being through wellness programs.
D5 - 995,"i dont care about deforestation, just get the job done"
D5 - 996,The study's methodology ensures replicability by future researchers.
D5 - 997,"why do we have to follow industry standards, its stupid"
D5 - 998,"i dont validate data, it's a waste of time"
D5 - 999,"i dont care about evidence-based practices, just give me the information"
D5 - 1000,The peer review process ensures the quality of the research.
D5 - 1001,"i dont talk about limitations, it makes me look bad"
D5 - 1002,The analysis considered potential biases in self-reported data.
D5 - 1003,"i dont care about nanomedicine, just get the job done"
D5 - 1004,"i dont like communicating, it's a waste of time"
D5 - 1005,"i dont care about participant biases, just give me the results"
D5 - 1006,"i dont worry about statistical checks, just give me the data"
D5 - 1007,"i dont care about cultural biases, just give me the conclusion"
D5 - 1008,"i dont need practical implications, just tell me what to do"
D5 - 1009,"I dont understand statistics, can u just do the analysis for me?"
D5 - 1010,"i dont like solving problems, it's too much effort"
D5 - 1011,The project team effectively managed stakeholder expectations.
D5 - 1012,The findings contribute novel insights that challenge existing paradigms.
D5 - 1013,The results were statistically significant at the 0.05 level.
D5 - 1014,The project team maintained consistent and transparent communication with clients.
D5 - 1015,The project team demonstrated effective risk management.
D5 - 1016,"i dont like trying new things, it's too risky"
D5 - 1017,"i dont care about quantum encryption, just get the job done"
D5 - 1018,"u kno wut im saying, y do i need proper grammar?"
D5 - 1019,The study's methodology minimizes the potential for sampling bias.
D5 - 1020,"i dont talk about limitations, it makes me look bad"
D5 - 1021,"i dont care about cultural biases, just give me the conclusion"
D5 - 1022,The analysis includes robust statistical tests for data validation.
D5 - 1023,"i dont care about electric scooters, just give me the data"
D5 - 1024,The findings are consistent with existing theoretical frameworks.
D5 - 1025,"i dont like solving problems, it's too much effort"
D5 - 1026,"i dont talk about limitations, it makes me look bad"
D5 - 1027,The analysis employed sophisticated algorithms for data pattern recognition.
D5 - 1028,"i dont use project management tools, they're too complicated"
D5 - 1029,"i dont like timelines, they stress me out"
D5 - 1030,The software development process followed industry best practices.
D5 - 1031,The project team maintained open lines of communication.
D5 - 1032,"i dont like change, it's too much effort"
D5 - 1033,"i dont worry about encryption, it's overrated"
D5 - 1034,"i dont like identifying problems, it's too much effort"
D5 - 1035,The discussion section critically examines study limitations.
D5 - 1036,Please submit your assignment by the deadline.
D5 - 1037,"i dont care about environmental factors, just give me the data"
D5 - 1038,The findings contribute to emerging discussions in the field.
D5 - 1039,The project team implemented eco-friendly initiatives for sustainable business.
D5 - 1040,"i dont like talking about limitations, it makes me look bad"
D5 - 1041,The study's implications for practice are discussed in detail.
D5 - 1042,The exploration of renewable energy sources is crucial for addressing climate change.
D5 - 1043,"i dont like communicating, it's a waste of time"
D5 - 1044,"i dont care about astronomy, just give me the results"
D5 - 1045,"i dont like iterative development, it's too slow"
D5 - 1046,The project team maintained open lines of communication.
D5 - 1047,The information is accurate and well-researched.
D5 - 1048,"i dont see the point of context, just give me the answer"
D5 - 1049,"i dont see the point of context, just give me the answer"
D5 - 1050,"i dont like using technology, it's confusing"
D5 - 1051,The research question is well-aligned with the study's objectives.
D5 - 1052,"i dont understand modeling techniques, just give me the conclusion"
D5 - 1053,The theoretical framework provides a solid foundation for the study.
D5 - 1054,"i dont care about replicability, just get it done"
D5 - 1055,The research aligns with current trends in the industry.
D5 - 1056,The project team prioritized diversity and inclusion in hiring processes.
D5 - 1057,"In astronomy, the study of exoplanets provides insights into potential habitable zones."
D5 - 1058,The project team prioritized continuous learning through professional development.
D5 - 1059,The project team fostered a culture of collaboration and knowledge-sharing.
D5 - 1060,The project team maintained a collaborative and open-door communication policy.
D5 - 1061,"i dont care about replicability, just get it done"
D5 - 1062,"i dont like communicating, it's a waste of time"
D5 - 1063,The conclusion drawn from the data is valid.
D5 - 1064,"i dont like theory, just give me what works"
D5 - 1065,i rlly hate it when ppl use txt abbreviations
D5 - 1066,The rise of electric scooters is transforming urban transportation and reducing emissions.
D5 - 1067,"i dont worry about confidentiality, it's overrated"
D5 - 1068,The project team prioritized clear and concise reporting in project documentation.
D5 - 1069,The experimental design controlled for confounding variables.
D5 - 1070,"i dont use project management tools, they're too complicated"
D5 - 1071,"i dont document processes, it's too tedious"
D5 - 1072,The experiment results are statistically significant.
D5 - 1073,"i avoid conflicts, they stress me out"
D5 - 1074,"i dont care about diverse perspectives, just give me the data"
D5 - 1075,"i dont care about empirical knowledge, just give me the information"
D5 - 1076,"i dont care about best practices, they're too conventional"
D5 - 1077,"i dont like longitudinal approaches, they take too much time"
D5 - 1078,"i dont have time to review other people's work, its pointless"
D5 - 1079,"i dont have time to explain every little step, its tedious"
D5 - 1080,The conclusion summarizes the key findings of the study.
D5 - 1081,The project team embraced a culture of innovation for continuous improvement.
D5 - 1082,"i dont like motivation, it's temporary"
D5 - 1083,The project team leveraged data visualization tools for effective communication.
D5 - 1084,"i dont like using technology, it's confusing"
D5 - 1085,"i dont like theory, just give me what works"
D5 - 1086,The research design incorporated participant feedback for iterative improvements.
D5 - 1087,"i dont see the point of objectives, just give me the answer"
D5 - 1088,The project team maintained an open feedback culture for continuous improvement.
D5 - 1089,The research question is clearly defined and researchable.
D5 - 1090,"i dont manage resources, it's too much effort"
D5 - 1091,"i dont understand statistics, just give me the conclusion"
D5 - 1092,The project team demonstrated resilience in the face of unexpected challenges.
D5 - 1093,The potential of CRISPR technology in gene editing raises ethical considerations.
D5 - 1094,The professor provided constructive feedback on the paper.
D5 - 1095,"i dont understand statistics, just give me the answer"
D5 - 1096,i give up easily when things get tough
D5 - 1097,"i dont care about existing knowledge, just give me the new information"
D5 - 1098,"i dont like timelines, they stress me out"
D5 - 1099,The development of quantum encryption ensures secure communication in the digital age.
D5 - 1100,"i dont care about social media, just give me the data"
D5 - 1101,"i dont care about multi-method approaches, just give me the results"
D5 - 1102,"i dont understand variables, just give me the answer"
D5 - 1103,"i dont worry about encryption, it's overrated"
